,bigrams,counts
0,"('Abbas,Muhammad Khizar', 'Heinemann,Uwe')",1
1,"('Abbas,Muhammad Khizar', 'Khan,Bilal Muhammad')",1
2,"('Abbas,Muhammad Khizar', 'Raza,Muhammad Liaquat')",1
3,"('Abbas,Muhammad Khizar', 'Zaidi,Syed Sajjad Haider')",1
4,"('Heinemann,Uwe', 'Khan,Bilal Muhammad')",1
5,"('Heinemann,Uwe', 'Raza,Muhammad Liaquat')",1
6,"('Heinemann,Uwe', 'Zaidi,Syed Sajjad Haider')",1
7,"('Khan,Bilal Muhammad', 'Raza,Muhammad Liaquat')",1
8,"('Khan,Bilal Muhammad', 'Zaidi,Syed Sajjad Haider')",1
9,"('Raza,Muhammad Liaquat', 'Zaidi,Syed Sajjad Haider')",1
10,"('Andrechak, Jason C.', 'Baud,Maxime O')",1
11,"('Andrechak, Jason C.', 'Chang,Edward F.')",1
12,"('Andrechak, Jason C.', 'King-Stephens,David')",1
13,"('Andrechak, Jason C.', 'Kleen,Jonathan K.')",1
14,"('Andrechak, Jason C.', 'Mirro, Emily A.')",1
15,"('Andrechak, Jason C.', 'Rao,Vikram R.')",1
16,"('Baud,Maxime O', 'Chang,Edward F.')",1
17,"('Baud,Maxime O', 'King-Stephens,David')",2
18,"('Baud,Maxime O', 'Kleen,Jonathan K.')",1
19,"('Baud,Maxime O', 'Mirro, Emily A.')",1
20,"('Baud,Maxime O', 'Rao,Vikram R.')",2
21,"('Chang,Edward F.', 'King-Stephens,David')",1
22,"('Chang,Edward F.', 'Kleen,Jonathan K.')",1
23,"('Chang,Edward F.', 'Mirro, Emily A.')",1
24,"('Chang,Edward F.', 'Rao,Vikram R.')",1
25,"('King-Stephens,David', 'Kleen,Jonathan K.')",1
26,"('King-Stephens,David', 'Mirro, Emily A.')",1
27,"('King-Stephens,David', 'Rao,Vikram R.')",2
28,"('Kleen,Jonathan K.', 'Mirro, Emily A.')",1
29,"('Kleen,Jonathan K.', 'Rao,Vikram R.')",2
30,"('Mirro, Emily A.', 'Rao,Vikram R.')",1
31,"('Brinkmann,Benjamin H.', 'Gregg,Nicholas M.')",3
32,"('Brinkmann,Benjamin H.', 'Worrell,Gregory A.')",9
33,"('Gregg,Nicholas M.', 'Worrell,Gregory A.')",2
34,"('Brinkmann,Benjamin H.', 'Cherkassky,Vladimir')",1
35,"('Brinkmann,Benjamin H.', 'Crepeau,Daniel')",2
36,"('Brinkmann,Benjamin H.', 'Howbert,J. Jeffry')",2
37,"('Brinkmann,Benjamin H.', 'Litt,Brian')",4
38,"('Brinkmann,Benjamin H.', 'Patterson,Edward E.')",3
39,"('Brinkmann,Benjamin H.', 'Stead,S. Matt')",2
40,"('Brinkmann,Benjamin H.', 'Vasoli,Vincent M.')",2
41,"('Brinkmann,Benjamin H.', 'Vite,Charles H.')",3
42,"('Brinkmann,Benjamin H.', 'Wagenaar,Joost B.')",2
43,"('Cherkassky,Vladimir', 'Crepeau,Daniel')",1
44,"('Cherkassky,Vladimir', 'Howbert,J. Jeffry')",1
45,"('Cherkassky,Vladimir', 'Litt,Brian')",1
46,"('Cherkassky,Vladimir', 'Patterson,Edward E.')",1
47,"('Cherkassky,Vladimir', 'Stead,S. Matt')",1
48,"('Cherkassky,Vladimir', 'Vasoli,Vincent M.')",1
49,"('Cherkassky,Vladimir', 'Vite,Charles H.')",1
50,"('Cherkassky,Vladimir', 'Wagenaar,Joost B.')",1
51,"('Cherkassky,Vladimir', 'Worrell,Gregory A.')",1
52,"('Crepeau,Daniel', 'Howbert,J. Jeffry')",2
53,"('Crepeau,Daniel', 'Litt,Brian')",2
54,"('Crepeau,Daniel', 'Patterson,Edward E.')",2
55,"('Crepeau,Daniel', 'Stead,S. Matt')",2
56,"('Crepeau,Daniel', 'Vasoli,Vincent M.')",2
57,"('Crepeau,Daniel', 'Vite,Charles H.')",2
58,"('Crepeau,Daniel', 'Wagenaar,Joost B.')",1
59,"('Crepeau,Daniel', 'Worrell,Gregory A.')",2
60,"('Howbert,J. Jeffry', 'Litt,Brian')",2
61,"('Howbert,J. Jeffry', 'Patterson,Edward E.')",2
62,"('Howbert,J. Jeffry', 'Stead,S. Matt')",2
63,"('Howbert,J. Jeffry', 'Vasoli,Vincent M.')",2
64,"('Howbert,J. Jeffry', 'Vite,Charles H.')",2
65,"('Howbert,J. Jeffry', 'Wagenaar,Joost B.')",1
66,"('Howbert,J. Jeffry', 'Worrell,Gregory A.')",2
67,"('Litt,Brian', 'Patterson,Edward E.')",3
68,"('Litt,Brian', 'Stead,S. Matt')",2
69,"('Litt,Brian', 'Vasoli,Vincent M.')",2
70,"('Litt,Brian', 'Vite,Charles H.')",3
71,"('Litt,Brian', 'Wagenaar,Joost B.')",2
72,"('Litt,Brian', 'Worrell,Gregory A.')",4
73,"('Patterson,Edward E.', 'Stead,S. Matt')",2
74,"('Patterson,Edward E.', 'Vasoli,Vincent M.')",2
75,"('Patterson,Edward E.', 'Vite,Charles H.')",3
76,"('Patterson,Edward E.', 'Wagenaar,Joost B.')",2
77,"('Patterson,Edward E.', 'Worrell,Gregory A.')",3
78,"('Stead,S. Matt', 'Vasoli,Vincent M.')",2
79,"('Stead,S. Matt', 'Vite,Charles H.')",2
80,"('Stead,S. Matt', 'Wagenaar,Joost B.')",1
81,"('Stead,S. Matt', 'Worrell,Gregory A.')",2
82,"('Vasoli,Vincent M.', 'Vite,Charles H.')",2
83,"('Vasoli,Vincent M.', 'Wagenaar,Joost B.')",1
84,"('Vasoli,Vincent M.', 'Worrell,Gregory A.')",2
85,"('Vite,Charles H.', 'Wagenaar,Joost B.')",2
86,"('Vite,Charles H.', 'Worrell,Gregory A.')",3
87,"('Wagenaar,Joost B.', 'Worrell,Gregory A.')",2
88,"('Abbot,Drew', 'Adkins,Phillip')",1
89,"('Abbot,Drew', 'Bosshard,Simone C.')",1
90,"('Abbot,Drew', 'Botella-Rocamora,Paloma')",1
91,"('Abbot,Drew', 'Brinkmann,Benjamin H.')",1
92,"('Abbot,Drew', 'Chen,Min')",1
93,"('Abbot,Drew', 'Cukierski,Will')",1
94,"('Abbot,Drew', 'He,Jialune')",1
95,"('Abbot,Drew', 'Hills,Michael')",1
96,"('Abbot,Drew', 'Korshunova,Iryna')",1
97,"('Abbot,Drew', 'Litt,Brian')",1
98,"('Abbot,Drew', 'Munoz-Almaraz,F. J.')",1
99,"('Abbot,Drew', 'Pardo,Juan')",1
100,"('Abbot,Drew', 'Patterson,Edward E.')",1
101,"('Abbot,Drew', 'Tieng,Quang M.')",1
102,"('Abbot,Drew', 'Vite,Charles H.')",1
103,"('Abbot,Drew', 'Wagenaar,Joost B.')",1
104,"('Abbot,Drew', 'Worrell,Gregory A.')",1
105,"('Abbot,Drew', 'Wu,Wei')",1
106,"('Abbot,Drew', 'Zamora-Martinez,Francisco')",1
107,"('Adkins,Phillip', 'Bosshard,Simone C.')",1
108,"('Adkins,Phillip', 'Botella-Rocamora,Paloma')",1
109,"('Adkins,Phillip', 'Brinkmann,Benjamin H.')",1
110,"('Adkins,Phillip', 'Chen,Min')",1
111,"('Adkins,Phillip', 'Cukierski,Will')",1
112,"('Adkins,Phillip', 'He,Jialune')",1
113,"('Adkins,Phillip', 'Hills,Michael')",1
114,"('Adkins,Phillip', 'Korshunova,Iryna')",1
115,"('Adkins,Phillip', 'Litt,Brian')",1
116,"('Adkins,Phillip', 'Munoz-Almaraz,F. J.')",1
117,"('Adkins,Phillip', 'Pardo,Juan')",1
118,"('Adkins,Phillip', 'Patterson,Edward E.')",1
119,"('Adkins,Phillip', 'Tieng,Quang M.')",1
120,"('Adkins,Phillip', 'Vite,Charles H.')",1
121,"('Adkins,Phillip', 'Wagenaar,Joost B.')",1
122,"('Adkins,Phillip', 'Worrell,Gregory A.')",1
123,"('Adkins,Phillip', 'Wu,Wei')",1
124,"('Adkins,Phillip', 'Zamora-Martinez,Francisco')",1
125,"('Bosshard,Simone C.', 'Botella-Rocamora,Paloma')",1
126,"('Bosshard,Simone C.', 'Brinkmann,Benjamin H.')",1
127,"('Bosshard,Simone C.', 'Chen,Min')",1
128,"('Bosshard,Simone C.', 'Cukierski,Will')",1
129,"('Bosshard,Simone C.', 'He,Jialune')",1
130,"('Bosshard,Simone C.', 'Hills,Michael')",1
131,"('Bosshard,Simone C.', 'Korshunova,Iryna')",1
132,"('Bosshard,Simone C.', 'Litt,Brian')",1
133,"('Bosshard,Simone C.', 'Munoz-Almaraz,F. J.')",1
134,"('Bosshard,Simone C.', 'Pardo,Juan')",1
135,"('Bosshard,Simone C.', 'Patterson,Edward E.')",1
136,"('Bosshard,Simone C.', 'Tieng,Quang M.')",1
137,"('Bosshard,Simone C.', 'Vite,Charles H.')",1
138,"('Bosshard,Simone C.', 'Wagenaar,Joost B.')",1
139,"('Bosshard,Simone C.', 'Worrell,Gregory A.')",1
140,"('Bosshard,Simone C.', 'Wu,Wei')",1
141,"('Bosshard,Simone C.', 'Zamora-Martinez,Francisco')",1
142,"('Botella-Rocamora,Paloma', 'Brinkmann,Benjamin H.')",1
143,"('Botella-Rocamora,Paloma', 'Chen,Min')",1
144,"('Botella-Rocamora,Paloma', 'Cukierski,Will')",1
145,"('Botella-Rocamora,Paloma', 'He,Jialune')",1
146,"('Botella-Rocamora,Paloma', 'Hills,Michael')",1
147,"('Botella-Rocamora,Paloma', 'Korshunova,Iryna')",1
148,"('Botella-Rocamora,Paloma', 'Litt,Brian')",1
149,"('Botella-Rocamora,Paloma', 'Munoz-Almaraz,F. J.')",1
150,"('Botella-Rocamora,Paloma', 'Pardo,Juan')",1
151,"('Botella-Rocamora,Paloma', 'Patterson,Edward E.')",1
152,"('Botella-Rocamora,Paloma', 'Tieng,Quang M.')",1
153,"('Botella-Rocamora,Paloma', 'Vite,Charles H.')",1
154,"('Botella-Rocamora,Paloma', 'Wagenaar,Joost B.')",1
155,"('Botella-Rocamora,Paloma', 'Worrell,Gregory A.')",1
156,"('Botella-Rocamora,Paloma', 'Wu,Wei')",1
157,"('Botella-Rocamora,Paloma', 'Zamora-Martinez,Francisco')",1
158,"('Brinkmann,Benjamin H.', 'Chen,Min')",1
159,"('Brinkmann,Benjamin H.', 'Cukierski,Will')",1
160,"('Brinkmann,Benjamin H.', 'He,Jialune')",1
161,"('Brinkmann,Benjamin H.', 'Hills,Michael')",1
162,"('Brinkmann,Benjamin H.', 'Korshunova,Iryna')",1
163,"('Brinkmann,Benjamin H.', 'Munoz-Almaraz,F. J.')",1
164,"('Brinkmann,Benjamin H.', 'Pardo,Juan')",1
165,"('Brinkmann,Benjamin H.', 'Tieng,Quang M.')",1
166,"('Brinkmann,Benjamin H.', 'Wu,Wei')",1
167,"('Brinkmann,Benjamin H.', 'Zamora-Martinez,Francisco')",1
168,"('Chen,Min', 'Cukierski,Will')",1
169,"('Chen,Min', 'He,Jialune')",1
170,"('Chen,Min', 'Hills,Michael')",1
171,"('Chen,Min', 'Korshunova,Iryna')",1
172,"('Chen,Min', 'Litt,Brian')",1
173,"('Chen,Min', 'Munoz-Almaraz,F. J.')",1
174,"('Chen,Min', 'Pardo,Juan')",1
175,"('Chen,Min', 'Patterson,Edward E.')",1
176,"('Chen,Min', 'Tieng,Quang M.')",1
177,"('Chen,Min', 'Vite,Charles H.')",1
178,"('Chen,Min', 'Wagenaar,Joost B.')",1
179,"('Chen,Min', 'Worrell,Gregory A.')",1
180,"('Chen,Min', 'Wu,Wei')",1
181,"('Chen,Min', 'Zamora-Martinez,Francisco')",1
182,"('Cukierski,Will', 'He,Jialune')",1
183,"('Cukierski,Will', 'Hills,Michael')",1
184,"('Cukierski,Will', 'Korshunova,Iryna')",1
185,"('Cukierski,Will', 'Litt,Brian')",1
186,"('Cukierski,Will', 'Munoz-Almaraz,F. J.')",1
187,"('Cukierski,Will', 'Pardo,Juan')",1
188,"('Cukierski,Will', 'Patterson,Edward E.')",1
189,"('Cukierski,Will', 'Tieng,Quang M.')",1
190,"('Cukierski,Will', 'Vite,Charles H.')",1
191,"('Cukierski,Will', 'Wagenaar,Joost B.')",1
192,"('Cukierski,Will', 'Worrell,Gregory A.')",1
193,"('Cukierski,Will', 'Wu,Wei')",1
194,"('Cukierski,Will', 'Zamora-Martinez,Francisco')",1
195,"('He,Jialune', 'Hills,Michael')",1
196,"('He,Jialune', 'Korshunova,Iryna')",1
197,"('He,Jialune', 'Litt,Brian')",1
198,"('He,Jialune', 'Munoz-Almaraz,F. J.')",1
199,"('He,Jialune', 'Pardo,Juan')",1
200,"('He,Jialune', 'Patterson,Edward E.')",1
201,"('He,Jialune', 'Tieng,Quang M.')",1
202,"('He,Jialune', 'Vite,Charles H.')",1
203,"('He,Jialune', 'Wagenaar,Joost B.')",1
204,"('He,Jialune', 'Worrell,Gregory A.')",1
205,"('He,Jialune', 'Wu,Wei')",1
206,"('He,Jialune', 'Zamora-Martinez,Francisco')",1
207,"('Hills,Michael', 'Korshunova,Iryna')",1
208,"('Hills,Michael', 'Litt,Brian')",1
209,"('Hills,Michael', 'Munoz-Almaraz,F. J.')",1
210,"('Hills,Michael', 'Pardo,Juan')",1
211,"('Hills,Michael', 'Patterson,Edward E.')",1
212,"('Hills,Michael', 'Tieng,Quang M.')",1
213,"('Hills,Michael', 'Vite,Charles H.')",1
214,"('Hills,Michael', 'Wagenaar,Joost B.')",1
215,"('Hills,Michael', 'Worrell,Gregory A.')",1
216,"('Hills,Michael', 'Wu,Wei')",1
217,"('Hills,Michael', 'Zamora-Martinez,Francisco')",1
218,"('Korshunova,Iryna', 'Litt,Brian')",1
219,"('Korshunova,Iryna', 'Munoz-Almaraz,F. J.')",1
220,"('Korshunova,Iryna', 'Pardo,Juan')",1
221,"('Korshunova,Iryna', 'Patterson,Edward E.')",1
222,"('Korshunova,Iryna', 'Tieng,Quang M.')",1
223,"('Korshunova,Iryna', 'Vite,Charles H.')",1
224,"('Korshunova,Iryna', 'Wagenaar,Joost B.')",1
225,"('Korshunova,Iryna', 'Worrell,Gregory A.')",1
226,"('Korshunova,Iryna', 'Wu,Wei')",1
227,"('Korshunova,Iryna', 'Zamora-Martinez,Francisco')",1
228,"('Litt,Brian', 'Munoz-Almaraz,F. J.')",1
229,"('Litt,Brian', 'Pardo,Juan')",1
230,"('Litt,Brian', 'Tieng,Quang M.')",1
231,"('Litt,Brian', 'Wu,Wei')",1
232,"('Litt,Brian', 'Zamora-Martinez,Francisco')",1
233,"('Munoz-Almaraz,F. J.', 'Pardo,Juan')",1
234,"('Munoz-Almaraz,F. J.', 'Patterson,Edward E.')",1
235,"('Munoz-Almaraz,F. J.', 'Tieng,Quang M.')",1
236,"('Munoz-Almaraz,F. J.', 'Vite,Charles H.')",1
237,"('Munoz-Almaraz,F. J.', 'Wagenaar,Joost B.')",1
238,"('Munoz-Almaraz,F. J.', 'Worrell,Gregory A.')",1
239,"('Munoz-Almaraz,F. J.', 'Wu,Wei')",1
240,"('Munoz-Almaraz,F. J.', 'Zamora-Martinez,Francisco')",1
241,"('Pardo,Juan', 'Patterson,Edward E.')",1
242,"('Pardo,Juan', 'Tieng,Quang M.')",1
243,"('Pardo,Juan', 'Vite,Charles H.')",1
244,"('Pardo,Juan', 'Wagenaar,Joost B.')",1
245,"('Pardo,Juan', 'Worrell,Gregory A.')",1
246,"('Pardo,Juan', 'Wu,Wei')",1
247,"('Pardo,Juan', 'Zamora-Martinez,Francisco')",1
248,"('Patterson,Edward E.', 'Tieng,Quang M.')",1
249,"('Patterson,Edward E.', 'Wu,Wei')",1
250,"('Patterson,Edward E.', 'Zamora-Martinez,Francisco')",1
251,"('Tieng,Quang M.', 'Vite,Charles H.')",1
252,"('Tieng,Quang M.', 'Wagenaar,Joost B.')",1
253,"('Tieng,Quang M.', 'Worrell,Gregory A.')",1
254,"('Tieng,Quang M.', 'Wu,Wei')",1
255,"('Tieng,Quang M.', 'Zamora-Martinez,Francisco')",1
256,"('Vite,Charles H.', 'Wu,Wei')",1
257,"('Vite,Charles H.', 'Zamora-Martinez,Francisco')",1
258,"('Wagenaar,Joost B.', 'Wu,Wei')",1
259,"('Wagenaar,Joost B.', 'Zamora-Martinez,Francisco')",1
260,"('Worrell,Gregory A.', 'Wu,Wei')",1
261,"('Worrell,Gregory A.', 'Zamora-Martinez,Francisco')",1
262,"('Wu,Wei', 'Zamora-Martinez,Francisco')",1
263,"('Biondi,Andrea', 'Bruno,Elisa')",1
264,"('Biondi,Andrea', 'Lang,Alexandra')",1
265,"('Biondi,Andrea', 'Odoi,Clarissa')",1
266,"('Biondi,Andrea', 'Richardson,Mark P.')",1
267,"('Biondi,Andrea', 'Schulze-Bonhage,Andreas')",1
268,"('Biondi,Andrea', 'Simblett,Sara')",1
269,"('Biondi,Andrea', 'Wykes,Til')",1
270,"('Bruno,Elisa', 'Lang,Alexandra')",1
271,"('Bruno,Elisa', 'Odoi,Clarissa')",1
272,"('Bruno,Elisa', 'Richardson,Mark P.')",1
273,"('Bruno,Elisa', 'Schulze-Bonhage,Andreas')",1
274,"('Bruno,Elisa', 'Simblett,Sara')",1
275,"('Bruno,Elisa', 'Wykes,Til')",1
276,"('Lang,Alexandra', 'Odoi,Clarissa')",1
277,"('Lang,Alexandra', 'Richardson,Mark P.')",1
278,"('Lang,Alexandra', 'Schulze-Bonhage,Andreas')",1
279,"('Lang,Alexandra', 'Simblett,Sara')",1
280,"('Lang,Alexandra', 'Wykes,Til')",1
281,"('Odoi,Clarissa', 'Richardson,Mark P.')",1
282,"('Odoi,Clarissa', 'Schulze-Bonhage,Andreas')",1
283,"('Odoi,Clarissa', 'Simblett,Sara')",1
284,"('Odoi,Clarissa', 'Wykes,Til')",1
285,"('Richardson,Mark P.', 'Schulze-Bonhage,Andreas')",2
286,"('Richardson,Mark P.', 'Simblett,Sara')",1
287,"('Richardson,Mark P.', 'Wykes,Til')",1
288,"('Schulze-Bonhage,Andreas', 'Simblett,Sara')",1
289,"('Schulze-Bonhage,Andreas', 'Wykes,Til')",1
290,"('Simblett,Sara', 'Wykes,Til')",1
291,"('Bidwell,Jonathan', 'Black,Angela P')",1
292,"('Bidwell,Jonathan', 'Chiang,Sharon')",1
293,"('Bidwell,Jonathan', 'Jackson,Michele')",1
294,"('Bidwell,Jonathan', 'Loddenkemper,Tobias')",1
295,"('Bidwell,Jonathan', 'Meisel,Christian')",1
296,"('Bidwell,Jonathan', 'Moss,Chuck')",1
297,"('Bidwell,Jonathan', 'Moss,Robert E.')",1
298,"('Black,Angela P', 'Chiang,Sharon')",1
299,"('Black,Angela P', 'Jackson,Michele')",1
300,"('Black,Angela P', 'Loddenkemper,Tobias')",1
301,"('Black,Angela P', 'Meisel,Christian')",1
302,"('Black,Angela P', 'Moss,Chuck')",1
303,"('Black,Angela P', 'Moss,Robert E.')",1
304,"('Chiang,Sharon', 'Jackson,Michele')",1
305,"('Chiang,Sharon', 'Loddenkemper,Tobias')",1
306,"('Chiang,Sharon', 'Meisel,Christian')",1
307,"('Chiang,Sharon', 'Moss,Chuck')",1
308,"('Chiang,Sharon', 'Moss,Robert E.')",2
309,"('Jackson,Michele', 'Loddenkemper,Tobias')",2
310,"('Jackson,Michele', 'Meisel,Christian')",2
311,"('Jackson,Michele', 'Moss,Chuck')",1
312,"('Jackson,Michele', 'Moss,Robert E.')",1
313,"('Loddenkemper,Tobias', 'Meisel,Christian')",2
314,"('Loddenkemper,Tobias', 'Moss,Chuck')",1
315,"('Loddenkemper,Tobias', 'Moss,Robert E.')",1
316,"('Meisel,Christian', 'Moss,Chuck')",1
317,"('Meisel,Christian', 'Moss,Robert E.')",1
318,"('Moss,Chuck', 'Moss,Robert E.')",1
319,"('Chiang,Sharon', 'Gavvala,Jay')",1
320,"('Chiang,Sharon', 'Goldenholz,Daniel M.')",1
321,"('Chiang,Sharon', 'Haneef,Zulfi')",1
322,"('Chiang,Sharon', 'Kleen,Jonathan K.')",1
323,"('Chiang,Sharon', 'Rao,Vikram R.')",1
324,"('Chiang,Sharon', 'Stern,John M.')",1
325,"('Chiang,Sharon', 'Theodore,William H.')",1
326,"('Chiang,Sharon', 'Vannucci,Marina')",1
327,"('Gavvala,Jay', 'Goldenholz,Daniel M.')",1
328,"('Gavvala,Jay', 'Haneef,Zulfi')",1
329,"('Gavvala,Jay', 'Kleen,Jonathan K.')",1
330,"('Gavvala,Jay', 'Moss,Robert E.')",1
331,"('Gavvala,Jay', 'Rao,Vikram R.')",1
332,"('Gavvala,Jay', 'Stern,John M.')",1
333,"('Gavvala,Jay', 'Theodore,William H.')",1
334,"('Gavvala,Jay', 'Vannucci,Marina')",1
335,"('Goldenholz,Daniel M.', 'Haneef,Zulfi')",1
336,"('Goldenholz,Daniel M.', 'Kleen,Jonathan K.')",1
337,"('Goldenholz,Daniel M.', 'Moss,Robert E.')",3
338,"('Goldenholz,Daniel M.', 'Rao,Vikram R.')",1
339,"('Goldenholz,Daniel M.', 'Stern,John M.')",1
340,"('Goldenholz,Daniel M.', 'Theodore,William H.')",2
341,"('Goldenholz,Daniel M.', 'Vannucci,Marina')",1
342,"('Haneef,Zulfi', 'Kleen,Jonathan K.')",1
343,"('Haneef,Zulfi', 'Moss,Robert E.')",1
344,"('Haneef,Zulfi', 'Rao,Vikram R.')",1
345,"('Haneef,Zulfi', 'Stern,John M.')",1
346,"('Haneef,Zulfi', 'Theodore,William H.')",1
347,"('Haneef,Zulfi', 'Vannucci,Marina')",1
348,"('Kleen,Jonathan K.', 'Moss,Robert E.')",1
349,"('Kleen,Jonathan K.', 'Stern,John M.')",1
350,"('Kleen,Jonathan K.', 'Theodore,William H.')",1
351,"('Kleen,Jonathan K.', 'Vannucci,Marina')",1
352,"('Moss,Robert E.', 'Rao,Vikram R.')",1
353,"('Moss,Robert E.', 'Stern,John M.')",1
354,"('Moss,Robert E.', 'Theodore,William H.')",2
355,"('Moss,Robert E.', 'Vannucci,Marina')",1
356,"('Rao,Vikram R.', 'Stern,John M.')",1
357,"('Rao,Vikram R.', 'Theodore,William H.')",1
358,"('Rao,Vikram R.', 'Vannucci,Marina')",1
359,"('Stern,John M.', 'Theodore,William H.')",1
360,"('Stern,John M.', 'Vannucci,Marina')",1
361,"('Theodore,William H.', 'Vannucci,Marina')",1
362,"('Bernard,Christophe', 'Dumanis,Sonya B.')",1
363,"('Bernard,Christophe', 'French,Jacqueline A.')",1
364,"('Bernard,Christophe', 'Fureman,Brandy E.')",1
365,"('Bernard,Christophe', 'Worrell,Gregory A.')",1
366,"('Dumanis,Sonya B.', 'French,Jacqueline A.')",1
367,"('Dumanis,Sonya B.', 'Fureman,Brandy E.')",2
368,"('Dumanis,Sonya B.', 'Worrell,Gregory A.')",2
369,"('French,Jacqueline A.', 'Fureman,Brandy E.')",1
370,"('French,Jacqueline A.', 'Worrell,Gregory A.')",1
371,"('Fureman,Brandy E.', 'Worrell,Gregory A.')",1
372,"('Cook,Mark J.', 'Freestone,Dean R.')",10
373,"('Cook,Mark J.', 'Karoly,Philippa J.')",11
374,"('Freestone,Dean R.', 'Karoly,Philippa J.')",10
375,"('Forzy,G.', 'Gallois,P.')",1
376,"('Forzy,G.', 'Morineaux,T.')",1
377,"('Forzy,G.', 'Peyrodie,L.')",1
378,"('Gallois,P.', 'Morineaux,T.')",1
379,"('Gallois,P.', 'Peyrodie,L.')",1
380,"('Morineaux,T.', 'Peyrodie,L.')",1
381,"('Archer,John', 'Berkovic,Samuel F.')",1
382,"('Archer,John', 'Cook,Mark J.')",1
383,"('Archer,John', ""D'Souza,Wendyl"")",1
384,"('Archer,John', 'Fabinyi,Gavin')",1
385,"('Archer,John', 'Himes,David')",1
386,"('Archer,John', 'Hosking,Sean')",1
387,"('Archer,John', 'Leyde,Kent')",1
388,"('Archer,John', 'Lightfoot,Paul')",1
389,"('Archer,John', 'Litewka,Lucas')",1
390,"('Archer,John', 'Morokoff,Andrew')",1
391,"('Archer,John', 'Murphy,Michael')",1
392,"('Archer,John', ""O'Brien,Terence J."")",1
393,"('Archer,John', 'Ruedebusch,Vanessa')",1
394,"('Archer,John', 'Sheffield,W. Douglas')",1
395,"('Archer,John', 'Snyder,David')",1
396,"('Archer,John', 'Yerra,Raju')",1
397,"('Berkovic,Samuel F.', 'Cook,Mark J.')",1
398,"('Berkovic,Samuel F.', ""D'Souza,Wendyl"")",1
399,"('Berkovic,Samuel F.', 'Fabinyi,Gavin')",1
400,"('Berkovic,Samuel F.', 'Himes,David')",1
401,"('Berkovic,Samuel F.', 'Hosking,Sean')",1
402,"('Berkovic,Samuel F.', 'Leyde,Kent')",1
403,"('Berkovic,Samuel F.', 'Lightfoot,Paul')",1
404,"('Berkovic,Samuel F.', 'Litewka,Lucas')",1
405,"('Berkovic,Samuel F.', 'Morokoff,Andrew')",1
406,"('Berkovic,Samuel F.', 'Murphy,Michael')",1
407,"('Berkovic,Samuel F.', ""O'Brien,Terence J."")",1
408,"('Berkovic,Samuel F.', 'Ruedebusch,Vanessa')",1
409,"('Berkovic,Samuel F.', 'Sheffield,W. Douglas')",1
410,"('Berkovic,Samuel F.', 'Snyder,David')",1
411,"('Berkovic,Samuel F.', 'Yerra,Raju')",1
412,"('Cook,Mark J.', ""D'Souza,Wendyl"")",4
413,"('Cook,Mark J.', 'Fabinyi,Gavin')",1
414,"('Cook,Mark J.', 'Himes,David')",1
415,"('Cook,Mark J.', 'Hosking,Sean')",1
416,"('Cook,Mark J.', 'Leyde,Kent')",2
417,"('Cook,Mark J.', 'Lightfoot,Paul')",1
418,"('Cook,Mark J.', 'Litewka,Lucas')",1
419,"('Cook,Mark J.', 'Morokoff,Andrew')",1
420,"('Cook,Mark J.', 'Murphy,Michael')",2
421,"('Cook,Mark J.', ""O'Brien,Terence J."")",1
422,"('Cook,Mark J.', 'Ruedebusch,Vanessa')",1
423,"('Cook,Mark J.', 'Sheffield,W. Douglas')",1
424,"('Cook,Mark J.', 'Snyder,David')",1
425,"('Cook,Mark J.', 'Yerra,Raju')",1
426,"(""D'Souza,Wendyl"", 'Fabinyi,Gavin')",1
427,"(""D'Souza,Wendyl"", 'Himes,David')",1
428,"(""D'Souza,Wendyl"", 'Hosking,Sean')",1
429,"(""D'Souza,Wendyl"", 'Leyde,Kent')",1
430,"(""D'Souza,Wendyl"", 'Lightfoot,Paul')",1
431,"(""D'Souza,Wendyl"", 'Litewka,Lucas')",1
432,"(""D'Souza,Wendyl"", 'Morokoff,Andrew')",1
433,"(""D'Souza,Wendyl"", 'Murphy,Michael')",2
434,"(""D'Souza,Wendyl"", ""O'Brien,Terence J."")",1
435,"(""D'Souza,Wendyl"", 'Ruedebusch,Vanessa')",1
436,"(""D'Souza,Wendyl"", 'Sheffield,W. Douglas')",1
437,"(""D'Souza,Wendyl"", 'Snyder,David')",1
438,"(""D'Souza,Wendyl"", 'Yerra,Raju')",1
439,"('Fabinyi,Gavin', 'Himes,David')",1
440,"('Fabinyi,Gavin', 'Hosking,Sean')",1
441,"('Fabinyi,Gavin', 'Leyde,Kent')",1
442,"('Fabinyi,Gavin', 'Lightfoot,Paul')",1
443,"('Fabinyi,Gavin', 'Litewka,Lucas')",1
444,"('Fabinyi,Gavin', 'Morokoff,Andrew')",1
445,"('Fabinyi,Gavin', 'Murphy,Michael')",1
446,"('Fabinyi,Gavin', ""O'Brien,Terence J."")",1
447,"('Fabinyi,Gavin', 'Ruedebusch,Vanessa')",1
448,"('Fabinyi,Gavin', 'Sheffield,W. Douglas')",1
449,"('Fabinyi,Gavin', 'Snyder,David')",1
450,"('Fabinyi,Gavin', 'Yerra,Raju')",1
451,"('Himes,David', 'Hosking,Sean')",1
452,"('Himes,David', 'Leyde,Kent')",1
453,"('Himes,David', 'Lightfoot,Paul')",1
454,"('Himes,David', 'Litewka,Lucas')",1
455,"('Himes,David', 'Morokoff,Andrew')",1
456,"('Himes,David', 'Murphy,Michael')",1
457,"('Himes,David', ""O'Brien,Terence J."")",1
458,"('Himes,David', 'Ruedebusch,Vanessa')",1
459,"('Himes,David', 'Sheffield,W. Douglas')",1
460,"('Himes,David', 'Snyder,David')",1
461,"('Himes,David', 'Yerra,Raju')",1
462,"('Hosking,Sean', 'Leyde,Kent')",1
463,"('Hosking,Sean', 'Lightfoot,Paul')",1
464,"('Hosking,Sean', 'Litewka,Lucas')",1
465,"('Hosking,Sean', 'Morokoff,Andrew')",1
466,"('Hosking,Sean', 'Murphy,Michael')",1
467,"('Hosking,Sean', ""O'Brien,Terence J."")",1
468,"('Hosking,Sean', 'Ruedebusch,Vanessa')",1
469,"('Hosking,Sean', 'Sheffield,W. Douglas')",1
470,"('Hosking,Sean', 'Snyder,David')",1
471,"('Hosking,Sean', 'Yerra,Raju')",1
472,"('Leyde,Kent', 'Lightfoot,Paul')",1
473,"('Leyde,Kent', 'Litewka,Lucas')",1
474,"('Leyde,Kent', 'Morokoff,Andrew')",1
475,"('Leyde,Kent', 'Murphy,Michael')",1
476,"('Leyde,Kent', ""O'Brien,Terence J."")",1
477,"('Leyde,Kent', 'Ruedebusch,Vanessa')",2
478,"('Leyde,Kent', 'Sheffield,W. Douglas')",2
479,"('Leyde,Kent', 'Snyder,David')",1
480,"('Leyde,Kent', 'Yerra,Raju')",1
481,"('Lightfoot,Paul', 'Litewka,Lucas')",1
482,"('Lightfoot,Paul', 'Morokoff,Andrew')",1
483,"('Lightfoot,Paul', 'Murphy,Michael')",1
484,"('Lightfoot,Paul', ""O'Brien,Terence J."")",1
485,"('Lightfoot,Paul', 'Ruedebusch,Vanessa')",1
486,"('Lightfoot,Paul', 'Sheffield,W. Douglas')",1
487,"('Lightfoot,Paul', 'Snyder,David')",1
488,"('Lightfoot,Paul', 'Yerra,Raju')",1
489,"('Litewka,Lucas', 'Morokoff,Andrew')",1
490,"('Litewka,Lucas', 'Murphy,Michael')",1
491,"('Litewka,Lucas', ""O'Brien,Terence J."")",1
492,"('Litewka,Lucas', 'Ruedebusch,Vanessa')",1
493,"('Litewka,Lucas', 'Sheffield,W. Douglas')",1
494,"('Litewka,Lucas', 'Snyder,David')",1
495,"('Litewka,Lucas', 'Yerra,Raju')",1
496,"('Morokoff,Andrew', 'Murphy,Michael')",1
497,"('Morokoff,Andrew', ""O'Brien,Terence J."")",1
498,"('Morokoff,Andrew', 'Ruedebusch,Vanessa')",1
499,"('Morokoff,Andrew', 'Sheffield,W. Douglas')",1
500,"('Morokoff,Andrew', 'Snyder,David')",1
501,"('Morokoff,Andrew', 'Yerra,Raju')",1
502,"('Murphy,Michael', ""O'Brien,Terence J."")",1
503,"('Murphy,Michael', 'Ruedebusch,Vanessa')",1
504,"('Murphy,Michael', 'Sheffield,W. Douglas')",1
505,"('Murphy,Michael', 'Snyder,David')",1
506,"('Murphy,Michael', 'Yerra,Raju')",1
507,"(""O'Brien,Terence J."", 'Ruedebusch,Vanessa')",1
508,"(""O'Brien,Terence J."", 'Sheffield,W. Douglas')",1
509,"(""O'Brien,Terence J."", 'Snyder,David')",1
510,"(""O'Brien,Terence J."", 'Yerra,Raju')",1
511,"('Ruedebusch,Vanessa', 'Sheffield,W. Douglas')",2
512,"('Ruedebusch,Vanessa', 'Snyder,David')",1
513,"('Ruedebusch,Vanessa', 'Yerra,Raju')",1
514,"('Sheffield,W. Douglas', 'Snyder,David')",1
515,"('Sheffield,W. Douglas', 'Yerra,Raju')",1
516,"('Snyder,David', 'Yerra,Raju')",1
517,"('Dumanis,Sonya B.', 'Grzeskowiak,Caitlin L. L.')",1
518,"('Haut,Sheryl R.', 'Shinnar,Shlomo')",1
519,"('Haut,Sheryl R.', 'Vouyiouklis,Mary')",1
520,"('Shinnar,Shlomo', 'Vouyiouklis,Mary')",1
521,"('Borkowski,Thomas', 'Hall,Charles B.')",1
522,"('Borkowski,Thomas', 'Haut,Sheryl R.')",1
523,"('Borkowski,Thomas', 'Lipton,Richard B.')",1
524,"('Borkowski,Thomas', 'Tennen,Howard')",1
525,"('Hall,Charles B.', 'Haut,Sheryl R.')",2
526,"('Hall,Charles B.', 'Lipton,Richard B.')",2
527,"('Hall,Charles B.', 'Tennen,Howard')",1
528,"('Haut,Sheryl R.', 'Lipton,Richard B.')",3
529,"('Haut,Sheryl R.', 'Tennen,Howard')",1
530,"('Lipton,Richard B.', 'Tennen,Howard')",1
531,"('Hall,Charles B.', 'Masur,Jonathan')",1
532,"('Haut,Sheryl R.', 'Masur,Jonathan')",1
533,"('Lipton,Richard B.', 'Masur,Jonathan')",1
534,"('Hofstra,Wytske AElig', 'de Weerd,Al Wytze')",1
535,"('Goldenholz,Daniel M.', 'Goldenholz,Shira R.')",1
536,"('Goldenholz,Daniel M.', 'Romero,Juan')",1
537,"('Goldenholz,Daniel M.', 'Sun,Haoqi')",1
538,"('Goldenholz,Daniel M.', 'Westover,Brandon')",1
539,"('Goldenholz,Shira R.', 'Moss,Robert E.')",1
540,"('Goldenholz,Shira R.', 'Romero,Juan')",1
541,"('Goldenholz,Shira R.', 'Sun,Haoqi')",1
542,"('Goldenholz,Shira R.', 'Westover,Brandon')",1
543,"('Moss,Robert E.', 'Romero,Juan')",1
544,"('Moss,Robert E.', 'Sun,Haoqi')",1
545,"('Moss,Robert E.', 'Westover,Brandon')",1
546,"('Romero,Juan', 'Sun,Haoqi')",1
547,"('Romero,Juan', 'Westover,Brandon')",1
548,"('Sun,Haoqi', 'Westover,Brandon')",1
549,"('Brinkmann,Benjamin H.', 'Leyde,Kent')",1
550,"('Brinkmann,Benjamin H.', 'Mavoori,Jaideep')",1
551,"('Brinkmann,Benjamin H.', 'Ruedebusch,Vanessa')",1
552,"('Brinkmann,Benjamin H.', 'Sheffield,W. Douglas')",1
553,"('Brinkmann,Benjamin H.', 'Sturges,Beverly')",1
554,"('Crepeau,Daniel', 'Leyde,Kent')",1
555,"('Crepeau,Daniel', 'Mavoori,Jaideep')",1
556,"('Crepeau,Daniel', 'Ruedebusch,Vanessa')",1
557,"('Crepeau,Daniel', 'Sheffield,W. Douglas')",1
558,"('Crepeau,Daniel', 'Sturges,Beverly')",1
559,"('Howbert,J. Jeffry', 'Leyde,Kent')",1
560,"('Howbert,J. Jeffry', 'Mavoori,Jaideep')",1
561,"('Howbert,J. Jeffry', 'Ruedebusch,Vanessa')",1
562,"('Howbert,J. Jeffry', 'Sheffield,W. Douglas')",1
563,"('Howbert,J. Jeffry', 'Sturges,Beverly')",1
564,"('Leyde,Kent', 'Litt,Brian')",1
565,"('Leyde,Kent', 'Mavoori,Jaideep')",1
566,"('Leyde,Kent', 'Patterson,Edward E.')",1
567,"('Leyde,Kent', 'Stead,S. Matt')",1
568,"('Leyde,Kent', 'Sturges,Beverly')",1
569,"('Leyde,Kent', 'Vasoli,Vincent M.')",1
570,"('Leyde,Kent', 'Vite,Charles H.')",1
571,"('Leyde,Kent', 'Worrell,Gregory A.')",1
572,"('Litt,Brian', 'Mavoori,Jaideep')",1
573,"('Litt,Brian', 'Ruedebusch,Vanessa')",1
574,"('Litt,Brian', 'Sheffield,W. Douglas')",1
575,"('Litt,Brian', 'Sturges,Beverly')",1
576,"('Mavoori,Jaideep', 'Patterson,Edward E.')",1
577,"('Mavoori,Jaideep', 'Ruedebusch,Vanessa')",1
578,"('Mavoori,Jaideep', 'Sheffield,W. Douglas')",1
579,"('Mavoori,Jaideep', 'Stead,S. Matt')",1
580,"('Mavoori,Jaideep', 'Sturges,Beverly')",1
581,"('Mavoori,Jaideep', 'Vasoli,Vincent M.')",1
582,"('Mavoori,Jaideep', 'Vite,Charles H.')",1
583,"('Mavoori,Jaideep', 'Worrell,Gregory A.')",1
584,"('Patterson,Edward E.', 'Ruedebusch,Vanessa')",1
585,"('Patterson,Edward E.', 'Sheffield,W. Douglas')",1
586,"('Patterson,Edward E.', 'Sturges,Beverly')",1
587,"('Ruedebusch,Vanessa', 'Stead,S. Matt')",1
588,"('Ruedebusch,Vanessa', 'Sturges,Beverly')",1
589,"('Ruedebusch,Vanessa', 'Vasoli,Vincent M.')",1
590,"('Ruedebusch,Vanessa', 'Vite,Charles H.')",1
591,"('Ruedebusch,Vanessa', 'Worrell,Gregory A.')",1
592,"('Sheffield,W. Douglas', 'Stead,S. Matt')",1
593,"('Sheffield,W. Douglas', 'Sturges,Beverly')",1
594,"('Sheffield,W. Douglas', 'Vasoli,Vincent M.')",1
595,"('Sheffield,W. Douglas', 'Vite,Charles H.')",1
596,"('Sheffield,W. Douglas', 'Worrell,Gregory A.')",1
597,"('Stead,S. Matt', 'Sturges,Beverly')",1
598,"('Sturges,Beverly', 'Vasoli,Vincent M.')",1
599,"('Sturges,Beverly', 'Vite,Charles H.')",1
600,"('Sturges,Beverly', 'Worrell,Gregory A.')",1
601,"('Bridges,John F. P.', 'Dumanis,Sonya B.')",1
602,"('Bridges,John F. P.', 'Fureman,Brandy E.')",1
603,"('Bridges,John F. P.', 'Huwig,Tanya')",1
604,"('Bridges,John F. P.', 'Hyman,Sarah')",1
605,"('Bridges,John F. P.', 'Janse,Sarah A.')",1
606,"('Dumanis,Sonya B.', 'Huwig,Tanya')",1
607,"('Dumanis,Sonya B.', 'Hyman,Sarah')",1
608,"('Dumanis,Sonya B.', 'Janse,Sarah A.')",1
609,"('Fureman,Brandy E.', 'Huwig,Tanya')",1
610,"('Fureman,Brandy E.', 'Hyman,Sarah')",1
611,"('Fureman,Brandy E.', 'Janse,Sarah A.')",1
612,"('Huwig,Tanya', 'Hyman,Sarah')",1
613,"('Huwig,Tanya', 'Janse,Sarah A.')",1
614,"('Hyman,Sarah', 'Janse,Sarah A.')",1
615,"('Altenmuller,D. -M.', 'Brandt,A.')",1
616,"('Altenmuller,D. -M.', 'Feldwisch-Drentrup,Hinnerk')",1
617,"('Altenmuller,D. -M.', 'Jachan,M.')",1
618,"('Altenmuller,D. -M.', 'Posdziech,F.')",1
619,"('Altenmuller,D. -M.', 'Schelter,Bjorn')",1
620,"('Altenmuller,D. -M.', 'Schulze-Bonhage,Andreas')",1
621,"('Altenmuller,D. -M.', 'Timmer,Jens')",1
622,"('Brandt,A.', 'Feldwisch-Drentrup,Hinnerk')",1
623,"('Brandt,A.', 'Jachan,M.')",1
624,"('Brandt,A.', 'Posdziech,F.')",1
625,"('Brandt,A.', 'Schelter,Bjorn')",1
626,"('Brandt,A.', 'Schulze-Bonhage,Andreas')",1
627,"('Brandt,A.', 'Timmer,Jens')",1
628,"('Feldwisch-Drentrup,Hinnerk', 'Jachan,M.')",1
629,"('Feldwisch-Drentrup,Hinnerk', 'Posdziech,F.')",1
630,"('Feldwisch-Drentrup,Hinnerk', 'Schelter,Bjorn')",2
631,"('Feldwisch-Drentrup,Hinnerk', 'Schulze-Bonhage,Andreas')",2
632,"('Feldwisch-Drentrup,Hinnerk', 'Timmer,Jens')",2
633,"('Jachan,M.', 'Posdziech,F.')",1
634,"('Jachan,M.', 'Schelter,Bjorn')",1
635,"('Jachan,M.', 'Schulze-Bonhage,Andreas')",1
636,"('Jachan,M.', 'Timmer,Jens')",1
637,"('Posdziech,F.', 'Schelter,Bjorn')",1
638,"('Posdziech,F.', 'Schulze-Bonhage,Andreas')",1
639,"('Posdziech,F.', 'Timmer,Jens')",1
640,"('Schelter,Bjorn', 'Schulze-Bonhage,Andreas')",2
641,"('Schelter,Bjorn', 'Timmer,Jens')",2
642,"('Schulze-Bonhage,Andreas', 'Timmer,Jens')",3
643,"('Cook,Mark J.', 'Grayden,David B.')",9
644,"('Cook,Mark J.', 'Kuhlmann,Levin')",4
645,"('Cook,Mark J.', 'Ung,Hoameng')",1
646,"('Freestone,Dean R.', 'Grayden,David B.')",8
647,"('Freestone,Dean R.', 'Kuhlmann,Levin')",4
648,"('Freestone,Dean R.', 'Leyde,Kent')",1
649,"('Freestone,Dean R.', 'Ung,Hoameng')",1
650,"('Grayden,David B.', 'Karoly,Philippa J.')",9
651,"('Grayden,David B.', 'Kuhlmann,Levin')",5
652,"('Grayden,David B.', 'Leyde,Kent')",1
653,"('Grayden,David B.', 'Ung,Hoameng')",1
654,"('Karoly,Philippa J.', 'Kuhlmann,Levin')",4
655,"('Karoly,Philippa J.', 'Leyde,Kent')",1
656,"('Karoly,Philippa J.', 'Ung,Hoameng')",1
657,"('Kuhlmann,Levin', 'Leyde,Kent')",1
658,"('Kuhlmann,Levin', 'Ung,Hoameng')",1
659,"('Leyde,Kent', 'Ung,Hoameng')",1
660,"('Brinkmann,Benjamin H.', 'Cook,Mark J.')",6
661,"('Brinkmann,Benjamin H.', 'Dumanis,Sonya B.')",2
662,"('Brinkmann,Benjamin H.', 'Freestone,Dean R.')",7
663,"('Brinkmann,Benjamin H.', 'Grayden,David B.')",5
664,"('Brinkmann,Benjamin H.', 'Karoly,Philippa J.')",6
665,"('Brinkmann,Benjamin H.', 'Kuhlmann,Levin')",2
666,"('Brinkmann,Benjamin H.', 'Maturana,Matias I.')",2
667,"('Brinkmann,Benjamin H.', 'Nurse,Ewan S.')",6
668,"('Brinkmann,Benjamin H.', 'Payne,Daniel E.')",2
669,"('Brinkmann,Benjamin H.', 'Richardson,Mark P.')",6
670,"('Brinkmann,Benjamin H.', 'Schulze-Bonhage,Andreas')",1
671,"('Cook,Mark J.', 'Dumanis,Sonya B.')",2
672,"('Cook,Mark J.', 'Maturana,Matias I.')",2
673,"('Cook,Mark J.', 'Nurse,Ewan S.')",6
674,"('Cook,Mark J.', 'Payne,Daniel E.')",3
675,"('Cook,Mark J.', 'Richardson,Mark P.')",5
676,"('Cook,Mark J.', 'Schulze-Bonhage,Andreas')",1
677,"('Cook,Mark J.', 'Worrell,Gregory A.')",3
678,"('Dumanis,Sonya B.', 'Freestone,Dean R.')",2
679,"('Dumanis,Sonya B.', 'Grayden,David B.')",1
680,"('Dumanis,Sonya B.', 'Karoly,Philippa J.')",2
681,"('Dumanis,Sonya B.', 'Kuhlmann,Levin')",1
682,"('Dumanis,Sonya B.', 'Maturana,Matias I.')",1
683,"('Dumanis,Sonya B.', 'Nurse,Ewan S.')",2
684,"('Dumanis,Sonya B.', 'Payne,Daniel E.')",1
685,"('Dumanis,Sonya B.', 'Richardson,Mark P.')",2
686,"('Dumanis,Sonya B.', 'Schulze-Bonhage,Andreas')",1
687,"('Freestone,Dean R.', 'Maturana,Matias I.')",2
688,"('Freestone,Dean R.', 'Nurse,Ewan S.')",6
689,"('Freestone,Dean R.', 'Payne,Daniel E.')",3
690,"('Freestone,Dean R.', 'Richardson,Mark P.')",6
691,"('Freestone,Dean R.', 'Schulze-Bonhage,Andreas')",1
692,"('Freestone,Dean R.', 'Worrell,Gregory A.')",4
693,"('Grayden,David B.', 'Maturana,Matias I.')",2
694,"('Grayden,David B.', 'Nurse,Ewan S.')",4
695,"('Grayden,David B.', 'Payne,Daniel E.')",3
696,"('Grayden,David B.', 'Richardson,Mark P.')",4
697,"('Grayden,David B.', 'Schulze-Bonhage,Andreas')",1
698,"('Grayden,David B.', 'Worrell,Gregory A.')",3
699,"('Karoly,Philippa J.', 'Maturana,Matias I.')",2
700,"('Karoly,Philippa J.', 'Nurse,Ewan S.')",5
701,"('Karoly,Philippa J.', 'Payne,Daniel E.')",3
702,"('Karoly,Philippa J.', 'Richardson,Mark P.')",5
703,"('Karoly,Philippa J.', 'Schulze-Bonhage,Andreas')",1
704,"('Karoly,Philippa J.', 'Worrell,Gregory A.')",3
705,"('Kuhlmann,Levin', 'Maturana,Matias I.')",1
706,"('Kuhlmann,Levin', 'Nurse,Ewan S.')",1
707,"('Kuhlmann,Levin', 'Payne,Daniel E.')",2
708,"('Kuhlmann,Levin', 'Richardson,Mark P.')",1
709,"('Kuhlmann,Levin', 'Schulze-Bonhage,Andreas')",1
710,"('Kuhlmann,Levin', 'Worrell,Gregory A.')",3
711,"('Maturana,Matias I.', 'Nurse,Ewan S.')",2
712,"('Maturana,Matias I.', 'Payne,Daniel E.')",1
713,"('Maturana,Matias I.', 'Richardson,Mark P.')",2
714,"('Maturana,Matias I.', 'Schulze-Bonhage,Andreas')",1
715,"('Maturana,Matias I.', 'Worrell,Gregory A.')",1
716,"('Nurse,Ewan S.', 'Payne,Daniel E.')",2
717,"('Nurse,Ewan S.', 'Richardson,Mark P.')",6
718,"('Nurse,Ewan S.', 'Schulze-Bonhage,Andreas')",1
719,"('Nurse,Ewan S.', 'Worrell,Gregory A.')",2
720,"('Payne,Daniel E.', 'Richardson,Mark P.')",2
721,"('Payne,Daniel E.', 'Schulze-Bonhage,Andreas')",1
722,"('Payne,Daniel E.', 'Worrell,Gregory A.')",2
723,"('Richardson,Mark P.', 'Worrell,Gregory A.')",2
724,"('Schulze-Bonhage,Andreas', 'Worrell,Gregory A.')",1
725,"('Cook,Mark J.', 'Goldenholz,Daniel M.')",1
726,"('Cook,Mark J.', 'Moss,Robert E.')",1
727,"('Cook,Mark J.', 'Theodore,William H.')",1
728,"('Freestone,Dean R.', 'Goldenholz,Daniel M.')",1
729,"('Freestone,Dean R.', 'Moss,Robert E.')",1
730,"('Freestone,Dean R.', 'Theodore,William H.')",1
731,"('Goldenholz,Daniel M.', 'Grayden,David B.')",1
732,"('Goldenholz,Daniel M.', 'Karoly,Philippa J.')",1
733,"('Grayden,David B.', 'Moss,Robert E.')",1
734,"('Grayden,David B.', 'Theodore,William H.')",1
735,"('Karoly,Philippa J.', 'Moss,Robert E.')",1
736,"('Karoly,Philippa J.', 'Theodore,William H.')",1
737,"('Brinkmann,Benjamin H.', ""D'Souza,Wendyl"")",3
738,"('Brinkmann,Benjamin H.', 'Gerche,Andre La')",1
739,"('Brinkmann,Benjamin H.', 'Halliday,Amy J.')",1
740,"('Brinkmann,Benjamin H.', 'Neal,Andrew')",1
741,"('Brinkmann,Benjamin H.', 'Stirling,Rachel E.')",3
742,"('Cook,Mark J.', 'Gerche,Andre La')",1
743,"('Cook,Mark J.', 'Gregg,Nicholas M.')",1
744,"('Cook,Mark J.', 'Halliday,Amy J.')",1
745,"('Cook,Mark J.', 'Neal,Andrew')",1
746,"('Cook,Mark J.', 'Stirling,Rachel E.')",4
747,"(""D'Souza,Wendyl"", 'Freestone,Dean R.')",3
748,"(""D'Souza,Wendyl"", 'Gerche,Andre La')",1
749,"(""D'Souza,Wendyl"", 'Grayden,David B.')",3
750,"(""D'Souza,Wendyl"", 'Gregg,Nicholas M.')",1
751,"(""D'Souza,Wendyl"", 'Halliday,Amy J.')",1
752,"(""D'Souza,Wendyl"", 'Karoly,Philippa J.')",3
753,"(""D'Souza,Wendyl"", 'Maturana,Matias I.')",1
754,"(""D'Souza,Wendyl"", 'Neal,Andrew')",1
755,"(""D'Souza,Wendyl"", 'Nurse,Ewan S.')",3
756,"(""D'Souza,Wendyl"", 'Richardson,Mark P.')",3
757,"(""D'Souza,Wendyl"", 'Stirling,Rachel E.')",3
758,"('Freestone,Dean R.', 'Gerche,Andre La')",1
759,"('Freestone,Dean R.', 'Gregg,Nicholas M.')",2
760,"('Freestone,Dean R.', 'Halliday,Amy J.')",1
761,"('Freestone,Dean R.', 'Neal,Andrew')",1
762,"('Freestone,Dean R.', 'Stirling,Rachel E.')",3
763,"('Gerche,Andre La', 'Grayden,David B.')",1
764,"('Gerche,Andre La', 'Gregg,Nicholas M.')",1
765,"('Gerche,Andre La', 'Halliday,Amy J.')",1
766,"('Gerche,Andre La', 'Karoly,Philippa J.')",1
767,"('Gerche,Andre La', 'Maturana,Matias I.')",1
768,"('Gerche,Andre La', 'Neal,Andrew')",1
769,"('Gerche,Andre La', 'Nurse,Ewan S.')",1
770,"('Gerche,Andre La', 'Richardson,Mark P.')",1
771,"('Gerche,Andre La', 'Stirling,Rachel E.')",1
772,"('Grayden,David B.', 'Gregg,Nicholas M.')",1
773,"('Grayden,David B.', 'Halliday,Amy J.')",1
774,"('Grayden,David B.', 'Neal,Andrew')",1
775,"('Grayden,David B.', 'Stirling,Rachel E.')",4
776,"('Gregg,Nicholas M.', 'Halliday,Amy J.')",1
777,"('Gregg,Nicholas M.', 'Karoly,Philippa J.')",1
778,"('Gregg,Nicholas M.', 'Maturana,Matias I.')",1
779,"('Gregg,Nicholas M.', 'Neal,Andrew')",1
780,"('Gregg,Nicholas M.', 'Nurse,Ewan S.')",2
781,"('Gregg,Nicholas M.', 'Richardson,Mark P.')",2
782,"('Gregg,Nicholas M.', 'Stirling,Rachel E.')",1
783,"('Halliday,Amy J.', 'Karoly,Philippa J.')",1
784,"('Halliday,Amy J.', 'Maturana,Matias I.')",1
785,"('Halliday,Amy J.', 'Neal,Andrew')",1
786,"('Halliday,Amy J.', 'Nurse,Ewan S.')",1
787,"('Halliday,Amy J.', 'Richardson,Mark P.')",1
788,"('Halliday,Amy J.', 'Stirling,Rachel E.')",1
789,"('Karoly,Philippa J.', 'Neal,Andrew')",1
790,"('Karoly,Philippa J.', 'Stirling,Rachel E.')",4
791,"('Maturana,Matias I.', 'Neal,Andrew')",1
792,"('Maturana,Matias I.', 'Stirling,Rachel E.')",1
793,"('Neal,Andrew', 'Nurse,Ewan S.')",1
794,"('Neal,Andrew', 'Richardson,Mark P.')",1
795,"('Neal,Andrew', 'Stirling,Rachel E.')",1
796,"('Nurse,Ewan S.', 'Stirling,Rachel E.')",3
797,"('Richardson,Mark P.', 'Stirling,Rachel E.')",3
798,"('Grayden,David B.', 'Schiff,Steven J.')",1
799,"('Grayden,David B.', 'Wendling,Fabrice')",1
800,"('Kuhlmann,Levin', 'Schiff,Steven J.')",1
801,"('Kuhlmann,Levin', 'Wendling,Fabrice')",1
802,"('Schiff,Steven J.', 'Wendling,Fabrice')",1
803,"('Barachant,Alexandre', 'Brinkmann,Benjamin H.')",1
804,"('Barachant,Alexandre', 'Broadhead,Derek')",1
805,"('Barachant,Alexandre', 'Cook,Mark J.')",1
806,"('Barachant,Alexandre', 'Dobson,Scott')",1
807,"('Barachant,Alexandre', 'Freestone,Dean R.')",1
808,"('Barachant,Alexandre', 'Grayden,David B.')",1
809,"('Barachant,Alexandre', 'Grunberg,Daniel B.')",1
810,"('Barachant,Alexandre', 'Ivanenko,Irina')",1
811,"('Barachant,Alexandre', 'Jones,Gareth')",1
812,"('Barachant,Alexandre', 'Karoly,Philippa J.')",1
813,"('Barachant,Alexandre', 'Kuhlmann,Levin')",1
814,"('Barachant,Alexandre', 'Lang,Brian W.')",1
815,"('Barachant,Alexandre', 'Lavery,Daniel')",1
816,"('Barachant,Alexandre', 'Li,Feng')",1
817,"('Barachant,Alexandre', 'Liley,David T. J.')",1
818,"('Barachant,Alexandre', 'Litt,Brian')",1
819,"('Barachant,Alexandre', 'Nahlik,Michal')",1
820,"('Barachant,Alexandre', 'Panichev,Oleg')",1
821,"('Barachant,Alexandre', 'Proix,Timothee')",1
822,"('Barachant,Alexandre', 'Reuben,Chip')",1
823,"('Barachant,Alexandre', 'Roman,Kelly')",1
824,"('Barachant,Alexandre', 'Tang,Qingnan')",1
825,"('Barachant,Alexandre', 'Temko,Andriy')",1
826,"('Barachant,Alexandre', 'Titericz,Gilberto')",1
827,"('Barachant,Alexandre', 'Worrell,Gregory A.')",1
828,"('Brinkmann,Benjamin H.', 'Broadhead,Derek')",1
829,"('Brinkmann,Benjamin H.', 'Dobson,Scott')",1
830,"('Brinkmann,Benjamin H.', 'Grunberg,Daniel B.')",1
831,"('Brinkmann,Benjamin H.', 'Ivanenko,Irina')",1
832,"('Brinkmann,Benjamin H.', 'Jones,Gareth')",1
833,"('Brinkmann,Benjamin H.', 'Lang,Brian W.')",1
834,"('Brinkmann,Benjamin H.', 'Lavery,Daniel')",1
835,"('Brinkmann,Benjamin H.', 'Li,Feng')",1
836,"('Brinkmann,Benjamin H.', 'Liley,David T. J.')",1
837,"('Brinkmann,Benjamin H.', 'Nahlik,Michal')",1
838,"('Brinkmann,Benjamin H.', 'Panichev,Oleg')",1
839,"('Brinkmann,Benjamin H.', 'Proix,Timothee')",1
840,"('Brinkmann,Benjamin H.', 'Reuben,Chip')",1
841,"('Brinkmann,Benjamin H.', 'Roman,Kelly')",1
842,"('Brinkmann,Benjamin H.', 'Tang,Qingnan')",1
843,"('Brinkmann,Benjamin H.', 'Temko,Andriy')",1
844,"('Brinkmann,Benjamin H.', 'Titericz,Gilberto')",1
845,"('Broadhead,Derek', 'Cook,Mark J.')",1
846,"('Broadhead,Derek', 'Dobson,Scott')",1
847,"('Broadhead,Derek', 'Freestone,Dean R.')",1
848,"('Broadhead,Derek', 'Grayden,David B.')",1
849,"('Broadhead,Derek', 'Grunberg,Daniel B.')",1
850,"('Broadhead,Derek', 'Ivanenko,Irina')",1
851,"('Broadhead,Derek', 'Jones,Gareth')",1
852,"('Broadhead,Derek', 'Karoly,Philippa J.')",1
853,"('Broadhead,Derek', 'Kuhlmann,Levin')",1
854,"('Broadhead,Derek', 'Lang,Brian W.')",1
855,"('Broadhead,Derek', 'Lavery,Daniel')",1
856,"('Broadhead,Derek', 'Li,Feng')",1
857,"('Broadhead,Derek', 'Liley,David T. J.')",1
858,"('Broadhead,Derek', 'Litt,Brian')",1
859,"('Broadhead,Derek', 'Nahlik,Michal')",1
860,"('Broadhead,Derek', 'Panichev,Oleg')",1
861,"('Broadhead,Derek', 'Proix,Timothee')",1
862,"('Broadhead,Derek', 'Reuben,Chip')",1
863,"('Broadhead,Derek', 'Roman,Kelly')",1
864,"('Broadhead,Derek', 'Tang,Qingnan')",1
865,"('Broadhead,Derek', 'Temko,Andriy')",1
866,"('Broadhead,Derek', 'Titericz,Gilberto')",1
867,"('Broadhead,Derek', 'Worrell,Gregory A.')",1
868,"('Cook,Mark J.', 'Dobson,Scott')",1
869,"('Cook,Mark J.', 'Grunberg,Daniel B.')",1
870,"('Cook,Mark J.', 'Ivanenko,Irina')",1
871,"('Cook,Mark J.', 'Jones,Gareth')",1
872,"('Cook,Mark J.', 'Lang,Brian W.')",1
873,"('Cook,Mark J.', 'Lavery,Daniel')",1
874,"('Cook,Mark J.', 'Li,Feng')",1
875,"('Cook,Mark J.', 'Liley,David T. J.')",1
876,"('Cook,Mark J.', 'Litt,Brian')",1
877,"('Cook,Mark J.', 'Nahlik,Michal')",1
878,"('Cook,Mark J.', 'Panichev,Oleg')",1
879,"('Cook,Mark J.', 'Proix,Timothee')",1
880,"('Cook,Mark J.', 'Reuben,Chip')",1
881,"('Cook,Mark J.', 'Roman,Kelly')",1
882,"('Cook,Mark J.', 'Tang,Qingnan')",1
883,"('Cook,Mark J.', 'Temko,Andriy')",1
884,"('Cook,Mark J.', 'Titericz,Gilberto')",1
885,"('Dobson,Scott', 'Freestone,Dean R.')",1
886,"('Dobson,Scott', 'Grayden,David B.')",1
887,"('Dobson,Scott', 'Grunberg,Daniel B.')",1
888,"('Dobson,Scott', 'Ivanenko,Irina')",1
889,"('Dobson,Scott', 'Jones,Gareth')",1
890,"('Dobson,Scott', 'Karoly,Philippa J.')",1
891,"('Dobson,Scott', 'Kuhlmann,Levin')",1
892,"('Dobson,Scott', 'Lang,Brian W.')",1
893,"('Dobson,Scott', 'Lavery,Daniel')",1
894,"('Dobson,Scott', 'Li,Feng')",1
895,"('Dobson,Scott', 'Liley,David T. J.')",1
896,"('Dobson,Scott', 'Litt,Brian')",1
897,"('Dobson,Scott', 'Nahlik,Michal')",1
898,"('Dobson,Scott', 'Panichev,Oleg')",1
899,"('Dobson,Scott', 'Proix,Timothee')",1
900,"('Dobson,Scott', 'Reuben,Chip')",1
901,"('Dobson,Scott', 'Roman,Kelly')",1
902,"('Dobson,Scott', 'Tang,Qingnan')",1
903,"('Dobson,Scott', 'Temko,Andriy')",1
904,"('Dobson,Scott', 'Titericz,Gilberto')",1
905,"('Dobson,Scott', 'Worrell,Gregory A.')",1
906,"('Freestone,Dean R.', 'Grunberg,Daniel B.')",1
907,"('Freestone,Dean R.', 'Ivanenko,Irina')",1
908,"('Freestone,Dean R.', 'Jones,Gareth')",1
909,"('Freestone,Dean R.', 'Lang,Brian W.')",1
910,"('Freestone,Dean R.', 'Lavery,Daniel')",1
911,"('Freestone,Dean R.', 'Li,Feng')",1
912,"('Freestone,Dean R.', 'Liley,David T. J.')",1
913,"('Freestone,Dean R.', 'Litt,Brian')",1
914,"('Freestone,Dean R.', 'Nahlik,Michal')",1
915,"('Freestone,Dean R.', 'Panichev,Oleg')",1
916,"('Freestone,Dean R.', 'Proix,Timothee')",1
917,"('Freestone,Dean R.', 'Reuben,Chip')",1
918,"('Freestone,Dean R.', 'Roman,Kelly')",1
919,"('Freestone,Dean R.', 'Tang,Qingnan')",1
920,"('Freestone,Dean R.', 'Temko,Andriy')",1
921,"('Freestone,Dean R.', 'Titericz,Gilberto')",1
922,"('Grayden,David B.', 'Grunberg,Daniel B.')",1
923,"('Grayden,David B.', 'Ivanenko,Irina')",1
924,"('Grayden,David B.', 'Jones,Gareth')",1
925,"('Grayden,David B.', 'Lang,Brian W.')",1
926,"('Grayden,David B.', 'Lavery,Daniel')",1
927,"('Grayden,David B.', 'Li,Feng')",1
928,"('Grayden,David B.', 'Liley,David T. J.')",1
929,"('Grayden,David B.', 'Litt,Brian')",1
930,"('Grayden,David B.', 'Nahlik,Michal')",1
931,"('Grayden,David B.', 'Panichev,Oleg')",1
932,"('Grayden,David B.', 'Proix,Timothee')",1
933,"('Grayden,David B.', 'Reuben,Chip')",1
934,"('Grayden,David B.', 'Roman,Kelly')",1
935,"('Grayden,David B.', 'Tang,Qingnan')",1
936,"('Grayden,David B.', 'Temko,Andriy')",1
937,"('Grayden,David B.', 'Titericz,Gilberto')",1
938,"('Grunberg,Daniel B.', 'Ivanenko,Irina')",1
939,"('Grunberg,Daniel B.', 'Jones,Gareth')",1
940,"('Grunberg,Daniel B.', 'Karoly,Philippa J.')",1
941,"('Grunberg,Daniel B.', 'Kuhlmann,Levin')",1
942,"('Grunberg,Daniel B.', 'Lang,Brian W.')",1
943,"('Grunberg,Daniel B.', 'Lavery,Daniel')",1
944,"('Grunberg,Daniel B.', 'Li,Feng')",1
945,"('Grunberg,Daniel B.', 'Liley,David T. J.')",1
946,"('Grunberg,Daniel B.', 'Litt,Brian')",1
947,"('Grunberg,Daniel B.', 'Nahlik,Michal')",1
948,"('Grunberg,Daniel B.', 'Panichev,Oleg')",1
949,"('Grunberg,Daniel B.', 'Proix,Timothee')",1
950,"('Grunberg,Daniel B.', 'Reuben,Chip')",1
951,"('Grunberg,Daniel B.', 'Roman,Kelly')",1
952,"('Grunberg,Daniel B.', 'Tang,Qingnan')",1
953,"('Grunberg,Daniel B.', 'Temko,Andriy')",1
954,"('Grunberg,Daniel B.', 'Titericz,Gilberto')",1
955,"('Grunberg,Daniel B.', 'Worrell,Gregory A.')",1
956,"('Ivanenko,Irina', 'Jones,Gareth')",1
957,"('Ivanenko,Irina', 'Karoly,Philippa J.')",1
958,"('Ivanenko,Irina', 'Kuhlmann,Levin')",1
959,"('Ivanenko,Irina', 'Lang,Brian W.')",1
960,"('Ivanenko,Irina', 'Lavery,Daniel')",1
961,"('Ivanenko,Irina', 'Li,Feng')",1
962,"('Ivanenko,Irina', 'Liley,David T. J.')",1
963,"('Ivanenko,Irina', 'Litt,Brian')",1
964,"('Ivanenko,Irina', 'Nahlik,Michal')",1
965,"('Ivanenko,Irina', 'Panichev,Oleg')",1
966,"('Ivanenko,Irina', 'Proix,Timothee')",1
967,"('Ivanenko,Irina', 'Reuben,Chip')",1
968,"('Ivanenko,Irina', 'Roman,Kelly')",1
969,"('Ivanenko,Irina', 'Tang,Qingnan')",1
970,"('Ivanenko,Irina', 'Temko,Andriy')",1
971,"('Ivanenko,Irina', 'Titericz,Gilberto')",1
972,"('Ivanenko,Irina', 'Worrell,Gregory A.')",1
973,"('Jones,Gareth', 'Karoly,Philippa J.')",1
974,"('Jones,Gareth', 'Kuhlmann,Levin')",1
975,"('Jones,Gareth', 'Lang,Brian W.')",1
976,"('Jones,Gareth', 'Lavery,Daniel')",1
977,"('Jones,Gareth', 'Li,Feng')",1
978,"('Jones,Gareth', 'Liley,David T. J.')",1
979,"('Jones,Gareth', 'Litt,Brian')",1
980,"('Jones,Gareth', 'Nahlik,Michal')",1
981,"('Jones,Gareth', 'Panichev,Oleg')",1
982,"('Jones,Gareth', 'Proix,Timothee')",1
983,"('Jones,Gareth', 'Reuben,Chip')",1
984,"('Jones,Gareth', 'Roman,Kelly')",1
985,"('Jones,Gareth', 'Tang,Qingnan')",1
986,"('Jones,Gareth', 'Temko,Andriy')",1
987,"('Jones,Gareth', 'Titericz,Gilberto')",1
988,"('Jones,Gareth', 'Worrell,Gregory A.')",1
989,"('Karoly,Philippa J.', 'Lang,Brian W.')",1
990,"('Karoly,Philippa J.', 'Lavery,Daniel')",1
991,"('Karoly,Philippa J.', 'Li,Feng')",1
992,"('Karoly,Philippa J.', 'Liley,David T. J.')",1
993,"('Karoly,Philippa J.', 'Litt,Brian')",1
994,"('Karoly,Philippa J.', 'Nahlik,Michal')",1
995,"('Karoly,Philippa J.', 'Panichev,Oleg')",1
996,"('Karoly,Philippa J.', 'Proix,Timothee')",1
997,"('Karoly,Philippa J.', 'Reuben,Chip')",1
998,"('Karoly,Philippa J.', 'Roman,Kelly')",1
999,"('Karoly,Philippa J.', 'Tang,Qingnan')",1
1000,"('Karoly,Philippa J.', 'Temko,Andriy')",1
1001,"('Karoly,Philippa J.', 'Titericz,Gilberto')",1
1002,"('Kuhlmann,Levin', 'Lang,Brian W.')",1
1003,"('Kuhlmann,Levin', 'Lavery,Daniel')",1
1004,"('Kuhlmann,Levin', 'Li,Feng')",1
1005,"('Kuhlmann,Levin', 'Liley,David T. J.')",1
1006,"('Kuhlmann,Levin', 'Litt,Brian')",1
1007,"('Kuhlmann,Levin', 'Nahlik,Michal')",1
1008,"('Kuhlmann,Levin', 'Panichev,Oleg')",1
1009,"('Kuhlmann,Levin', 'Proix,Timothee')",1
1010,"('Kuhlmann,Levin', 'Reuben,Chip')",1
1011,"('Kuhlmann,Levin', 'Roman,Kelly')",1
1012,"('Kuhlmann,Levin', 'Tang,Qingnan')",1
1013,"('Kuhlmann,Levin', 'Temko,Andriy')",1
1014,"('Kuhlmann,Levin', 'Titericz,Gilberto')",1
1015,"('Lang,Brian W.', 'Lavery,Daniel')",1
1016,"('Lang,Brian W.', 'Li,Feng')",1
1017,"('Lang,Brian W.', 'Liley,David T. J.')",1
1018,"('Lang,Brian W.', 'Litt,Brian')",1
1019,"('Lang,Brian W.', 'Nahlik,Michal')",1
1020,"('Lang,Brian W.', 'Panichev,Oleg')",1
1021,"('Lang,Brian W.', 'Proix,Timothee')",1
1022,"('Lang,Brian W.', 'Reuben,Chip')",1
1023,"('Lang,Brian W.', 'Roman,Kelly')",1
1024,"('Lang,Brian W.', 'Tang,Qingnan')",1
1025,"('Lang,Brian W.', 'Temko,Andriy')",1
1026,"('Lang,Brian W.', 'Titericz,Gilberto')",1
1027,"('Lang,Brian W.', 'Worrell,Gregory A.')",1
1028,"('Lavery,Daniel', 'Li,Feng')",1
1029,"('Lavery,Daniel', 'Liley,David T. J.')",1
1030,"('Lavery,Daniel', 'Litt,Brian')",1
1031,"('Lavery,Daniel', 'Nahlik,Michal')",1
1032,"('Lavery,Daniel', 'Panichev,Oleg')",1
1033,"('Lavery,Daniel', 'Proix,Timothee')",1
1034,"('Lavery,Daniel', 'Reuben,Chip')",1
1035,"('Lavery,Daniel', 'Roman,Kelly')",1
1036,"('Lavery,Daniel', 'Tang,Qingnan')",1
1037,"('Lavery,Daniel', 'Temko,Andriy')",1
1038,"('Lavery,Daniel', 'Titericz,Gilberto')",1
1039,"('Lavery,Daniel', 'Worrell,Gregory A.')",1
1040,"('Li,Feng', 'Liley,David T. J.')",1
1041,"('Li,Feng', 'Litt,Brian')",1
1042,"('Li,Feng', 'Nahlik,Michal')",1
1043,"('Li,Feng', 'Panichev,Oleg')",1
1044,"('Li,Feng', 'Proix,Timothee')",1
1045,"('Li,Feng', 'Reuben,Chip')",1
1046,"('Li,Feng', 'Roman,Kelly')",1
1047,"('Li,Feng', 'Tang,Qingnan')",1
1048,"('Li,Feng', 'Temko,Andriy')",1
1049,"('Li,Feng', 'Titericz,Gilberto')",1
1050,"('Li,Feng', 'Worrell,Gregory A.')",1
1051,"('Liley,David T. J.', 'Litt,Brian')",1
1052,"('Liley,David T. J.', 'Nahlik,Michal')",1
1053,"('Liley,David T. J.', 'Panichev,Oleg')",1
1054,"('Liley,David T. J.', 'Proix,Timothee')",1
1055,"('Liley,David T. J.', 'Reuben,Chip')",1
1056,"('Liley,David T. J.', 'Roman,Kelly')",1
1057,"('Liley,David T. J.', 'Tang,Qingnan')",1
1058,"('Liley,David T. J.', 'Temko,Andriy')",1
1059,"('Liley,David T. J.', 'Titericz,Gilberto')",1
1060,"('Liley,David T. J.', 'Worrell,Gregory A.')",1
1061,"('Litt,Brian', 'Nahlik,Michal')",1
1062,"('Litt,Brian', 'Panichev,Oleg')",1
1063,"('Litt,Brian', 'Proix,Timothee')",1
1064,"('Litt,Brian', 'Reuben,Chip')",1
1065,"('Litt,Brian', 'Roman,Kelly')",1
1066,"('Litt,Brian', 'Tang,Qingnan')",1
1067,"('Litt,Brian', 'Temko,Andriy')",1
1068,"('Litt,Brian', 'Titericz,Gilberto')",1
1069,"('Nahlik,Michal', 'Panichev,Oleg')",1
1070,"('Nahlik,Michal', 'Proix,Timothee')",1
1071,"('Nahlik,Michal', 'Reuben,Chip')",1
1072,"('Nahlik,Michal', 'Roman,Kelly')",1
1073,"('Nahlik,Michal', 'Tang,Qingnan')",1
1074,"('Nahlik,Michal', 'Temko,Andriy')",1
1075,"('Nahlik,Michal', 'Titericz,Gilberto')",1
1076,"('Nahlik,Michal', 'Worrell,Gregory A.')",1
1077,"('Panichev,Oleg', 'Proix,Timothee')",1
1078,"('Panichev,Oleg', 'Reuben,Chip')",1
1079,"('Panichev,Oleg', 'Roman,Kelly')",1
1080,"('Panichev,Oleg', 'Tang,Qingnan')",1
1081,"('Panichev,Oleg', 'Temko,Andriy')",1
1082,"('Panichev,Oleg', 'Titericz,Gilberto')",1
1083,"('Panichev,Oleg', 'Worrell,Gregory A.')",1
1084,"('Proix,Timothee', 'Reuben,Chip')",1
1085,"('Proix,Timothee', 'Roman,Kelly')",1
1086,"('Proix,Timothee', 'Tang,Qingnan')",1
1087,"('Proix,Timothee', 'Temko,Andriy')",1
1088,"('Proix,Timothee', 'Titericz,Gilberto')",1
1089,"('Proix,Timothee', 'Worrell,Gregory A.')",1
1090,"('Reuben,Chip', 'Roman,Kelly')",1
1091,"('Reuben,Chip', 'Tang,Qingnan')",1
1092,"('Reuben,Chip', 'Temko,Andriy')",1
1093,"('Reuben,Chip', 'Titericz,Gilberto')",1
1094,"('Reuben,Chip', 'Worrell,Gregory A.')",1
1095,"('Roman,Kelly', 'Tang,Qingnan')",1
1096,"('Roman,Kelly', 'Temko,Andriy')",1
1097,"('Roman,Kelly', 'Titericz,Gilberto')",1
1098,"('Roman,Kelly', 'Worrell,Gregory A.')",1
1099,"('Tang,Qingnan', 'Temko,Andriy')",1
1100,"('Tang,Qingnan', 'Titericz,Gilberto')",1
1101,"('Tang,Qingnan', 'Worrell,Gregory A.')",1
1102,"('Temko,Andriy', 'Titericz,Gilberto')",1
1103,"('Temko,Andriy', 'Worrell,Gregory A.')",1
1104,"('Titericz,Gilberto', 'Worrell,Gregory A.')",1
1105,"('El Atrache,Rima', 'Jackson,Michele')",1
1106,"('El Atrache,Rima', 'Loddenkemper,Tobias')",1
1107,"('El Atrache,Rima', 'Meisel,Christian')",1
1108,"('El Atrache,Rima', 'Schubach,Sarah')",1
1109,"('El Atrache,Rima', 'Ufongene,Claire')",1
1110,"('Jackson,Michele', 'Schubach,Sarah')",1
1111,"('Jackson,Michele', 'Ufongene,Claire')",1
1112,"('Loddenkemper,Tobias', 'Schubach,Sarah')",1
1113,"('Loddenkemper,Tobias', 'Ufongene,Claire')",1
1114,"('Meisel,Christian', 'Schubach,Sarah')",1
1115,"('Meisel,Christian', 'Ufongene,Claire')",1
1116,"('Schubach,Sarah', 'Ufongene,Claire')",1
1117,"('Attia,Tal Pal', 'Brinkmann,Benjamin H.')",2
1118,"('Attia,Tal Pal', 'Dumpelmann,Matthias')",1
1119,"('Attia,Tal Pal', 'Freestone,Dean R.')",2
1120,"('Attia,Tal Pal', 'Gregg,Nicholas M.')",1
1121,"('Attia,Tal Pal', 'Joseph,Boney')",1
1122,"('Attia,Tal Pal', 'Nasseri,Mona')",1
1123,"('Attia,Tal Pal', 'Nurse,Ewan S.')",2
1124,"('Attia,Tal Pal', 'Richardson,Mark P.')",2
1125,"('Attia,Tal Pal', 'Viana,Pedro F.')",2
1126,"('Attia,Tal Pal', 'Worrell,Gregory A.')",1
1127,"('Brinkmann,Benjamin H.', 'Dumpelmann,Matthias')",1
1128,"('Brinkmann,Benjamin H.', 'Joseph,Boney')",1
1129,"('Brinkmann,Benjamin H.', 'Nasseri,Mona')",2
1130,"('Brinkmann,Benjamin H.', 'Viana,Pedro F.')",2
1131,"('Dumpelmann,Matthias', 'Freestone,Dean R.')",1
1132,"('Dumpelmann,Matthias', 'Gregg,Nicholas M.')",1
1133,"('Dumpelmann,Matthias', 'Joseph,Boney')",1
1134,"('Dumpelmann,Matthias', 'Nasseri,Mona')",1
1135,"('Dumpelmann,Matthias', 'Nurse,Ewan S.')",1
1136,"('Dumpelmann,Matthias', 'Richardson,Mark P.')",1
1137,"('Dumpelmann,Matthias', 'Viana,Pedro F.')",1
1138,"('Dumpelmann,Matthias', 'Worrell,Gregory A.')",1
1139,"('Freestone,Dean R.', 'Joseph,Boney')",1
1140,"('Freestone,Dean R.', 'Nasseri,Mona')",1
1141,"('Freestone,Dean R.', 'Viana,Pedro F.')",2
1142,"('Gregg,Nicholas M.', 'Joseph,Boney')",1
1143,"('Gregg,Nicholas M.', 'Nasseri,Mona')",1
1144,"('Gregg,Nicholas M.', 'Viana,Pedro F.')",1
1145,"('Joseph,Boney', 'Nasseri,Mona')",1
1146,"('Joseph,Boney', 'Nurse,Ewan S.')",1
1147,"('Joseph,Boney', 'Richardson,Mark P.')",1
1148,"('Joseph,Boney', 'Viana,Pedro F.')",1
1149,"('Joseph,Boney', 'Worrell,Gregory A.')",1
1150,"('Nasseri,Mona', 'Nurse,Ewan S.')",1
1151,"('Nasseri,Mona', 'Richardson,Mark P.')",1
1152,"('Nasseri,Mona', 'Viana,Pedro F.')",1
1153,"('Nasseri,Mona', 'Worrell,Gregory A.')",2
1154,"('Nurse,Ewan S.', 'Viana,Pedro F.')",2
1155,"('Richardson,Mark P.', 'Viana,Pedro F.')",2
1156,"('Viana,Pedro F.', 'Worrell,Gregory A.')",1
1157,"('Brinkmann,Benjamin H.', 'Eden,Dominique')",1
1158,"('Brinkmann,Benjamin H.', 'Taylor,Janelle')",1
1159,"('Cook,Mark J.', 'Eden,Dominique')",1
1160,"('Cook,Mark J.', 'Taylor,Janelle')",1
1161,"('Dumanis,Sonya B.', 'Eden,Dominique')",1
1162,"('Dumanis,Sonya B.', 'Taylor,Janelle')",1
1163,"('Eden,Dominique', 'Freestone,Dean R.')",1
1164,"('Eden,Dominique', 'Karoly,Philippa J.')",1
1165,"('Eden,Dominique', 'Nurse,Ewan S.')",1
1166,"('Eden,Dominique', 'Richardson,Mark P.')",1
1167,"('Eden,Dominique', 'Taylor,Janelle')",1
1168,"('Freestone,Dean R.', 'Taylor,Janelle')",1
1169,"('Karoly,Philippa J.', 'Taylor,Janelle')",1
1170,"('Nurse,Ewan S.', 'Taylor,Janelle')",1
1171,"('Richardson,Mark P.', 'Taylor,Janelle')",1
1172,"('Cook,Mark J.', 'Dell,Katrina L.')",1
1173,"('Cook,Mark J.', 'Gerla,Vaclav')",1
1174,"('Cook,Mark J.', 'Kremen,Vaclav')",1
1175,"('Dell,Katrina L.', 'Freestone,Dean R.')",1
1176,"('Dell,Katrina L.', 'Gerla,Vaclav')",1
1177,"('Dell,Katrina L.', 'Grayden,David B.')",1
1178,"('Dell,Katrina L.', 'Karoly,Philippa J.')",1
1179,"('Dell,Katrina L.', 'Kremen,Vaclav')",1
1180,"('Dell,Katrina L.', 'Kuhlmann,Levin')",1
1181,"('Dell,Katrina L.', 'Payne,Daniel E.')",1
1182,"('Dell,Katrina L.', 'Worrell,Gregory A.')",1
1183,"('Freestone,Dean R.', 'Gerla,Vaclav')",1
1184,"('Freestone,Dean R.', 'Kremen,Vaclav')",1
1185,"('Gerla,Vaclav', 'Grayden,David B.')",1
1186,"('Gerla,Vaclav', 'Karoly,Philippa J.')",1
1187,"('Gerla,Vaclav', 'Kremen,Vaclav')",1
1188,"('Gerla,Vaclav', 'Kuhlmann,Levin')",1
1189,"('Gerla,Vaclav', 'Payne,Daniel E.')",1
1190,"('Gerla,Vaclav', 'Worrell,Gregory A.')",1
1191,"('Grayden,David B.', 'Kremen,Vaclav')",1
1192,"('Karoly,Philippa J.', 'Kremen,Vaclav')",1
1193,"('Kremen,Vaclav', 'Kuhlmann,Levin')",1
1194,"('Kremen,Vaclav', 'Payne,Daniel E.')",1
1195,"('Kremen,Vaclav', 'Worrell,Gregory A.')",2
1196,"('Cornes,Susannah', 'Haut,Sheryl R.')",1
1197,"('Cornes,Susannah', 'Lipton,Richard B.')",1
1198,"('Cornes,Susannah', 'McGinley,James S.')",1
1199,"('Cornes,Susannah', 'Privitera,Michael')",1
1200,"('Haut,Sheryl R.', 'McGinley,James S.')",1
1201,"('Haut,Sheryl R.', 'Privitera,Michael')",1
1202,"('Lipton,Richard B.', 'McGinley,James S.')",1
1203,"('Lipton,Richard B.', 'Privitera,Michael')",1
1204,"('McGinley,James S.', 'Privitera,Michael')",1
1205,"('Brinkmann,Benjamin H.', 'Cimbalnik,Jan')",1
1206,"('Brinkmann,Benjamin H.', 'Guragain,Hari')",1
1207,"('Brinkmann,Benjamin H.', 'Klimes,Petr')",1
1208,"('Brinkmann,Benjamin H.', 'Kremen,Vaclav')",1
1209,"('Brinkmann,Benjamin H.', 'Nejedly,Petr')",1
1210,"('Brinkmann,Benjamin H.', 'Sladky,Vladimir')",1
1211,"('Brinkmann,Benjamin H.', 'Varatharajah,Yogatheesan')",2
1212,"('Cimbalnik,Jan', 'Guragain,Hari')",1
1213,"('Cimbalnik,Jan', 'Klimes,Petr')",1
1214,"('Cimbalnik,Jan', 'Kremen,Vaclav')",1
1215,"('Cimbalnik,Jan', 'Nasseri,Mona')",1
1216,"('Cimbalnik,Jan', 'Nejedly,Petr')",1
1217,"('Cimbalnik,Jan', 'Sladky,Vladimir')",1
1218,"('Cimbalnik,Jan', 'Varatharajah,Yogatheesan')",1
1219,"('Cimbalnik,Jan', 'Worrell,Gregory A.')",1
1220,"('Guragain,Hari', 'Klimes,Petr')",1
1221,"('Guragain,Hari', 'Kremen,Vaclav')",1
1222,"('Guragain,Hari', 'Nasseri,Mona')",1
1223,"('Guragain,Hari', 'Nejedly,Petr')",1
1224,"('Guragain,Hari', 'Sladky,Vladimir')",1
1225,"('Guragain,Hari', 'Varatharajah,Yogatheesan')",1
1226,"('Guragain,Hari', 'Worrell,Gregory A.')",1
1227,"('Klimes,Petr', 'Kremen,Vaclav')",1
1228,"('Klimes,Petr', 'Nasseri,Mona')",1
1229,"('Klimes,Petr', 'Nejedly,Petr')",1
1230,"('Klimes,Petr', 'Sladky,Vladimir')",1
1231,"('Klimes,Petr', 'Varatharajah,Yogatheesan')",1
1232,"('Klimes,Petr', 'Worrell,Gregory A.')",1
1233,"('Kremen,Vaclav', 'Nasseri,Mona')",1
1234,"('Kremen,Vaclav', 'Nejedly,Petr')",1
1235,"('Kremen,Vaclav', 'Sladky,Vladimir')",1
1236,"('Kremen,Vaclav', 'Varatharajah,Yogatheesan')",1
1237,"('Nasseri,Mona', 'Nejedly,Petr')",1
1238,"('Nasseri,Mona', 'Sladky,Vladimir')",1
1239,"('Nasseri,Mona', 'Varatharajah,Yogatheesan')",1
1240,"('Nejedly,Petr', 'Sladky,Vladimir')",1
1241,"('Nejedly,Petr', 'Varatharajah,Yogatheesan')",1
1242,"('Nejedly,Petr', 'Worrell,Gregory A.')",1
1243,"('Sladky,Vladimir', 'Varatharajah,Yogatheesan')",1
1244,"('Sladky,Vladimir', 'Worrell,Gregory A.')",1
1245,"('Varatharajah,Yogatheesan', 'Worrell,Gregory A.')",2
1246,"('Kockler,Michael', 'Rakers,Florian')",1
1247,"('Kockler,Michael', 'Rasche,Marius')",1
1248,"('Kockler,Michael', 'Rupprecht,Sven')",1
1249,"('Kockler,Michael', 'Schiffner,Rene')",1
1250,"('Kockler,Michael', 'Schlattmann,Peter')",1
1251,"('Kockler,Michael', 'Schwab,Matthias')",1
1252,"('Kockler,Michael', 'Walther,Mario')",1
1253,"('Kockler,Michael', 'Witte,Otto W.')",1
1254,"('Rakers,Florian', 'Rasche,Marius')",1
1255,"('Rakers,Florian', 'Rupprecht,Sven')",1
1256,"('Rakers,Florian', 'Schiffner,Rene')",1
1257,"('Rakers,Florian', 'Schlattmann,Peter')",1
1258,"('Rakers,Florian', 'Schwab,Matthias')",1
1259,"('Rakers,Florian', 'Walther,Mario')",1
1260,"('Rakers,Florian', 'Witte,Otto W.')",1
1261,"('Rasche,Marius', 'Rupprecht,Sven')",1
1262,"('Rasche,Marius', 'Schiffner,Rene')",1
1263,"('Rasche,Marius', 'Schlattmann,Peter')",1
1264,"('Rasche,Marius', 'Schwab,Matthias')",1
1265,"('Rasche,Marius', 'Walther,Mario')",1
1266,"('Rasche,Marius', 'Witte,Otto W.')",1
1267,"('Rupprecht,Sven', 'Schiffner,Rene')",1
1268,"('Rupprecht,Sven', 'Schlattmann,Peter')",1
1269,"('Rupprecht,Sven', 'Schwab,Matthias')",1
1270,"('Rupprecht,Sven', 'Walther,Mario')",1
1271,"('Rupprecht,Sven', 'Witte,Otto W.')",1
1272,"('Schiffner,Rene', 'Schlattmann,Peter')",1
1273,"('Schiffner,Rene', 'Schwab,Matthias')",1
1274,"('Schiffner,Rene', 'Walther,Mario')",1
1275,"('Schiffner,Rene', 'Witte,Otto W.')",1
1276,"('Schlattmann,Peter', 'Schwab,Matthias')",1
1277,"('Schlattmann,Peter', 'Walther,Mario')",1
1278,"('Schlattmann,Peter', 'Witte,Otto W.')",1
1279,"('Schwab,Matthias', 'Walther,Mario')",1
1280,"('Schwab,Matthias', 'Witte,Otto W.')",1
1281,"('Walther,Mario', 'Witte,Otto W.')",1
1282,"('Feldwisch-Drentrup,Hinnerk', 'Ihle,Matthias')",1
1283,"('Ihle,Matthias', 'Schelter,Bjorn')",1
1284,"('Ihle,Matthias', 'Schulze-Bonhage,Andreas')",2
1285,"('Ihle,Matthias', 'Timmer,Jens')",1
1286,"('Haut,Sheryl R.', 'Schulze-Bonhage,Andreas')",1
1287,"('Carius,Astrid', 'Ihle,Matthias')",1
1288,"('Carius,Astrid', 'Sales,Francisco')",1
1289,"('Carius,Astrid', 'Schelle,Annette')",1
1290,"('Carius,Astrid', 'Schulze-Bonhage,Andreas')",1
1291,"('Carius,Astrid', 'Teotonio,Rute')",1
1292,"('Carius,Astrid', 'Wagner,Kathrin')",1
1293,"('Ihle,Matthias', 'Sales,Francisco')",1
1294,"('Ihle,Matthias', 'Schelle,Annette')",1
1295,"('Ihle,Matthias', 'Teotonio,Rute')",1
1296,"('Ihle,Matthias', 'Wagner,Kathrin')",1
1297,"('Sales,Francisco', 'Schelle,Annette')",1
1298,"('Sales,Francisco', 'Schulze-Bonhage,Andreas')",1
1299,"('Sales,Francisco', 'Teotonio,Rute')",1
1300,"('Sales,Francisco', 'Wagner,Kathrin')",1
1301,"('Schelle,Annette', 'Schulze-Bonhage,Andreas')",1
1302,"('Schelle,Annette', 'Teotonio,Rute')",1
1303,"('Schelle,Annette', 'Wagner,Kathrin')",1
1304,"('Schulze-Bonhage,Andreas', 'Teotonio,Rute')",1
1305,"('Schulze-Bonhage,Andreas', 'Wagner,Kathrin')",1
1306,"('Teotonio,Rute', 'Wagner,Kathrin')",1
1307,"('Martins da Silva,Antonio', 'Sammaritano,Michele')",1
1308,"('Martins da Silva,Antonio', 'Shouse,Margaret N.')",1
1309,"('Sammaritano,Michele', 'Shouse,Margaret N.')",1
1310,"('Dobson,Richard J.B.', 'Folarin,Amos A.')",1
1311,"('Dobson,Richard J.B.', 'Ranjan,Yatharth')",1
1312,"('Dobson,Richard J.B.', 'Rashid,Zulqarnain')",1
1313,"('Dobson,Richard J.B.', 'Stewart,Callum L.')",1
1314,"('Dobson,Richard J.B.', 'Sun,Haoqi')",1
1315,"('Folarin,Amos A.', 'Ranjan,Yatharth')",1
1316,"('Folarin,Amos A.', 'Rashid,Zulqarnain')",1
1317,"('Folarin,Amos A.', 'Stewart,Callum L.')",1
1318,"('Folarin,Amos A.', 'Sun,Haoqi')",1
1319,"('Ranjan,Yatharth', 'Rashid,Zulqarnain')",1
1320,"('Ranjan,Yatharth', 'Stewart,Callum L.')",1
1321,"('Ranjan,Yatharth', 'Sun,Haoqi')",1
1322,"('Rashid,Zulqarnain', 'Stewart,Callum L.')",1
1323,"('Rashid,Zulqarnain', 'Sun,Haoqi')",1
1324,"('Stewart,Callum L.', 'Sun,Haoqi')",1
1325,"('Baud,Maxime O', 'Leguia,Marc G')",1
1326,"('Baud,Maxime O', 'Proix,Timothee')",1
1327,"('Baud,Maxime O', 'Tcheng,Thomas K')",1
1328,"('Baud,Maxime O', 'Truccolo,Wilson')",1
1329,"('King-Stephens,David', 'Leguia,Marc G')",1
1330,"('King-Stephens,David', 'Proix,Timothee')",1
1331,"('King-Stephens,David', 'Tcheng,Thomas K')",1
1332,"('King-Stephens,David', 'Truccolo,Wilson')",1
1333,"('Leguia,Marc G', 'Proix,Timothee')",1
1334,"('Leguia,Marc G', 'Rao,Vikram R.')",1
1335,"('Leguia,Marc G', 'Tcheng,Thomas K')",1
1336,"('Leguia,Marc G', 'Truccolo,Wilson')",1
1337,"('Proix,Timothee', 'Rao,Vikram R.')",1
1338,"('Proix,Timothee', 'Tcheng,Thomas K')",1
1339,"('Proix,Timothee', 'Truccolo,Wilson')",1
1340,"('Rao,Vikram R.', 'Tcheng,Thomas K')",1
1341,"('Rao,Vikram R.', 'Truccolo,Wilson')",1
1342,"('Tcheng,Thomas K', 'Truccolo,Wilson')",1
1343,"('Brinkmann,Benjamin H.', 'Bulluss,K. J.')",1
1344,"('Brinkmann,Benjamin H.', 'Cameron,T. L.')",1
1345,"('Brinkmann,Benjamin H.', 'Heasman,J.')",1
1346,"('Brinkmann,Benjamin H.', 'Hoare,R. J.')",1
1347,"('Brinkmann,Benjamin H.', 'Lai,A.')",1
1348,"('Brinkmann,Benjamin H.', 'McCutcheon,K.')",1
1349,"('Brinkmann,Benjamin H.', 'McLean,K. J.')",1
1350,"('Brinkmann,Benjamin H.', 'Murphy,Michael')",1
1351,"('Brinkmann,Benjamin H.', 'Mutarana, M. I.')",1
1352,"('Brinkmann,Benjamin H.', 'Ringo,S. G.')",1
1353,"('Brinkmann,Benjamin H.', 'Seiderer,L.')",1
1354,"('Brinkmann,Benjamin H.', 'Seneviratne,U.')",1
1355,"('Bulluss,K. J.', 'Cameron,T. L.')",1
1356,"('Bulluss,K. J.', 'Cook,Mark J.')",1
1357,"('Bulluss,K. J.', ""D'Souza,Wendyl"")",1
1358,"('Bulluss,K. J.', 'Freestone,Dean R.')",1
1359,"('Bulluss,K. J.', 'Grayden,David B.')",1
1360,"('Bulluss,K. J.', 'Heasman,J.')",1
1361,"('Bulluss,K. J.', 'Hoare,R. J.')",1
1362,"('Bulluss,K. J.', 'Karoly,Philippa J.')",1
1363,"('Bulluss,K. J.', 'Lai,A.')",1
1364,"('Bulluss,K. J.', 'McCutcheon,K.')",1
1365,"('Bulluss,K. J.', 'McLean,K. J.')",1
1366,"('Bulluss,K. J.', 'Murphy,Michael')",1
1367,"('Bulluss,K. J.', 'Mutarana, M. I.')",1
1368,"('Bulluss,K. J.', 'Nurse,Ewan S.')",1
1369,"('Bulluss,K. J.', 'Richardson,Mark P.')",1
1370,"('Bulluss,K. J.', 'Ringo,S. G.')",1
1371,"('Bulluss,K. J.', 'Seiderer,L.')",1
1372,"('Bulluss,K. J.', 'Seneviratne,U.')",1
1373,"('Bulluss,K. J.', 'Stirling,Rachel E.')",1
1374,"('Cameron,T. L.', 'Cook,Mark J.')",1
1375,"('Cameron,T. L.', ""D'Souza,Wendyl"")",1
1376,"('Cameron,T. L.', 'Freestone,Dean R.')",1
1377,"('Cameron,T. L.', 'Grayden,David B.')",1
1378,"('Cameron,T. L.', 'Heasman,J.')",1
1379,"('Cameron,T. L.', 'Hoare,R. J.')",1
1380,"('Cameron,T. L.', 'Karoly,Philippa J.')",1
1381,"('Cameron,T. L.', 'Lai,A.')",1
1382,"('Cameron,T. L.', 'McCutcheon,K.')",1
1383,"('Cameron,T. L.', 'McLean,K. J.')",1
1384,"('Cameron,T. L.', 'Murphy,Michael')",1
1385,"('Cameron,T. L.', 'Mutarana, M. I.')",1
1386,"('Cameron,T. L.', 'Nurse,Ewan S.')",1
1387,"('Cameron,T. L.', 'Richardson,Mark P.')",1
1388,"('Cameron,T. L.', 'Ringo,S. G.')",1
1389,"('Cameron,T. L.', 'Seiderer,L.')",1
1390,"('Cameron,T. L.', 'Seneviratne,U.')",1
1391,"('Cameron,T. L.', 'Stirling,Rachel E.')",1
1392,"('Cook,Mark J.', 'Heasman,J.')",1
1393,"('Cook,Mark J.', 'Hoare,R. J.')",1
1394,"('Cook,Mark J.', 'Lai,A.')",1
1395,"('Cook,Mark J.', 'McCutcheon,K.')",1
1396,"('Cook,Mark J.', 'McLean,K. J.')",1
1397,"('Cook,Mark J.', 'Mutarana, M. I.')",1
1398,"('Cook,Mark J.', 'Ringo,S. G.')",1
1399,"('Cook,Mark J.', 'Seiderer,L.')",1
1400,"('Cook,Mark J.', 'Seneviratne,U.')",1
1401,"(""D'Souza,Wendyl"", 'Heasman,J.')",1
1402,"(""D'Souza,Wendyl"", 'Hoare,R. J.')",1
1403,"(""D'Souza,Wendyl"", 'Lai,A.')",1
1404,"(""D'Souza,Wendyl"", 'McCutcheon,K.')",1
1405,"(""D'Souza,Wendyl"", 'McLean,K. J.')",1
1406,"(""D'Souza,Wendyl"", 'Mutarana, M. I.')",1
1407,"(""D'Souza,Wendyl"", 'Ringo,S. G.')",1
1408,"(""D'Souza,Wendyl"", 'Seiderer,L.')",1
1409,"(""D'Souza,Wendyl"", 'Seneviratne,U.')",1
1410,"('Freestone,Dean R.', 'Heasman,J.')",1
1411,"('Freestone,Dean R.', 'Hoare,R. J.')",1
1412,"('Freestone,Dean R.', 'Lai,A.')",1
1413,"('Freestone,Dean R.', 'McCutcheon,K.')",1
1414,"('Freestone,Dean R.', 'McLean,K. J.')",1
1415,"('Freestone,Dean R.', 'Murphy,Michael')",1
1416,"('Freestone,Dean R.', 'Mutarana, M. I.')",1
1417,"('Freestone,Dean R.', 'Ringo,S. G.')",1
1418,"('Freestone,Dean R.', 'Seiderer,L.')",1
1419,"('Freestone,Dean R.', 'Seneviratne,U.')",1
1420,"('Grayden,David B.', 'Heasman,J.')",1
1421,"('Grayden,David B.', 'Hoare,R. J.')",1
1422,"('Grayden,David B.', 'Lai,A.')",1
1423,"('Grayden,David B.', 'McCutcheon,K.')",1
1424,"('Grayden,David B.', 'McLean,K. J.')",1
1425,"('Grayden,David B.', 'Murphy,Michael')",1
1426,"('Grayden,David B.', 'Mutarana, M. I.')",1
1427,"('Grayden,David B.', 'Ringo,S. G.')",1
1428,"('Grayden,David B.', 'Seiderer,L.')",1
1429,"('Grayden,David B.', 'Seneviratne,U.')",1
1430,"('Heasman,J.', 'Hoare,R. J.')",1
1431,"('Heasman,J.', 'Karoly,Philippa J.')",1
1432,"('Heasman,J.', 'Lai,A.')",1
1433,"('Heasman,J.', 'McCutcheon,K.')",1
1434,"('Heasman,J.', 'McLean,K. J.')",1
1435,"('Heasman,J.', 'Murphy,Michael')",1
1436,"('Heasman,J.', 'Mutarana, M. I.')",1
1437,"('Heasman,J.', 'Nurse,Ewan S.')",1
1438,"('Heasman,J.', 'Richardson,Mark P.')",1
1439,"('Heasman,J.', 'Ringo,S. G.')",1
1440,"('Heasman,J.', 'Seiderer,L.')",1
1441,"('Heasman,J.', 'Seneviratne,U.')",1
1442,"('Heasman,J.', 'Stirling,Rachel E.')",1
1443,"('Hoare,R. J.', 'Karoly,Philippa J.')",1
1444,"('Hoare,R. J.', 'Lai,A.')",1
1445,"('Hoare,R. J.', 'McCutcheon,K.')",1
1446,"('Hoare,R. J.', 'McLean,K. J.')",1
1447,"('Hoare,R. J.', 'Murphy,Michael')",1
1448,"('Hoare,R. J.', 'Mutarana, M. I.')",1
1449,"('Hoare,R. J.', 'Nurse,Ewan S.')",1
1450,"('Hoare,R. J.', 'Richardson,Mark P.')",1
1451,"('Hoare,R. J.', 'Ringo,S. G.')",1
1452,"('Hoare,R. J.', 'Seiderer,L.')",1
1453,"('Hoare,R. J.', 'Seneviratne,U.')",1
1454,"('Hoare,R. J.', 'Stirling,Rachel E.')",1
1455,"('Karoly,Philippa J.', 'Lai,A.')",1
1456,"('Karoly,Philippa J.', 'McCutcheon,K.')",1
1457,"('Karoly,Philippa J.', 'McLean,K. J.')",1
1458,"('Karoly,Philippa J.', 'Murphy,Michael')",1
1459,"('Karoly,Philippa J.', 'Mutarana, M. I.')",1
1460,"('Karoly,Philippa J.', 'Ringo,S. G.')",1
1461,"('Karoly,Philippa J.', 'Seiderer,L.')",1
1462,"('Karoly,Philippa J.', 'Seneviratne,U.')",1
1463,"('Lai,A.', 'McCutcheon,K.')",1
1464,"('Lai,A.', 'McLean,K. J.')",1
1465,"('Lai,A.', 'Murphy,Michael')",1
1466,"('Lai,A.', 'Mutarana, M. I.')",1
1467,"('Lai,A.', 'Nurse,Ewan S.')",1
1468,"('Lai,A.', 'Richardson,Mark P.')",1
1469,"('Lai,A.', 'Ringo,S. G.')",1
1470,"('Lai,A.', 'Seiderer,L.')",1
1471,"('Lai,A.', 'Seneviratne,U.')",1
1472,"('Lai,A.', 'Stirling,Rachel E.')",1
1473,"('McCutcheon,K.', 'McLean,K. J.')",1
1474,"('McCutcheon,K.', 'Murphy,Michael')",1
1475,"('McCutcheon,K.', 'Mutarana, M. I.')",1
1476,"('McCutcheon,K.', 'Nurse,Ewan S.')",1
1477,"('McCutcheon,K.', 'Richardson,Mark P.')",1
1478,"('McCutcheon,K.', 'Ringo,S. G.')",1
1479,"('McCutcheon,K.', 'Seiderer,L.')",1
1480,"('McCutcheon,K.', 'Seneviratne,U.')",1
1481,"('McCutcheon,K.', 'Stirling,Rachel E.')",1
1482,"('McLean,K. J.', 'Murphy,Michael')",1
1483,"('McLean,K. J.', 'Mutarana, M. I.')",1
1484,"('McLean,K. J.', 'Nurse,Ewan S.')",1
1485,"('McLean,K. J.', 'Richardson,Mark P.')",1
1486,"('McLean,K. J.', 'Ringo,S. G.')",1
1487,"('McLean,K. J.', 'Seiderer,L.')",1
1488,"('McLean,K. J.', 'Seneviratne,U.')",1
1489,"('McLean,K. J.', 'Stirling,Rachel E.')",1
1490,"('Murphy,Michael', 'Mutarana, M. I.')",1
1491,"('Murphy,Michael', 'Nurse,Ewan S.')",1
1492,"('Murphy,Michael', 'Richardson,Mark P.')",1
1493,"('Murphy,Michael', 'Ringo,S. G.')",1
1494,"('Murphy,Michael', 'Seiderer,L.')",1
1495,"('Murphy,Michael', 'Seneviratne,U.')",1
1496,"('Murphy,Michael', 'Stirling,Rachel E.')",1
1497,"('Mutarana, M. I.', 'Nurse,Ewan S.')",1
1498,"('Mutarana, M. I.', 'Richardson,Mark P.')",1
1499,"('Mutarana, M. I.', 'Ringo,S. G.')",1
1500,"('Mutarana, M. I.', 'Seiderer,L.')",1
1501,"('Mutarana, M. I.', 'Seneviratne,U.')",1
1502,"('Mutarana, M. I.', 'Stirling,Rachel E.')",1
1503,"('Nurse,Ewan S.', 'Ringo,S. G.')",1
1504,"('Nurse,Ewan S.', 'Seiderer,L.')",1
1505,"('Nurse,Ewan S.', 'Seneviratne,U.')",1
1506,"('Richardson,Mark P.', 'Ringo,S. G.')",1
1507,"('Richardson,Mark P.', 'Seiderer,L.')",1
1508,"('Richardson,Mark P.', 'Seneviratne,U.')",1
1509,"('Ringo,S. G.', 'Seiderer,L.')",1
1510,"('Ringo,S. G.', 'Seneviratne,U.')",1
1511,"('Ringo,S. G.', 'Stirling,Rachel E.')",1
1512,"('Seiderer,L.', 'Seneviratne,U.')",1
1513,"('Seiderer,L.', 'Stirling,Rachel E.')",1
1514,"('Seneviratne,U.', 'Stirling,Rachel E.')",1
1515,"('Davis,Gay R.', 'Temkin,Nancy R.')",1
1516,"('Attia,Tal Pal', 'Cook,Mark J.')",1
1517,"('Attia,Tal Pal', ""D'Souza,Wendyl"")",1
1518,"('Attia,Tal Pal', 'Grayden,David B.')",1
1519,"('Attia,Tal Pal', 'Karoly,Philippa J.')",1
1520,"('Attia,Tal Pal', 'Payne,Daniel E.')",1
1521,"('Attia,Tal Pal', 'Stirling,Rachel E.')",1
1522,"('Cook,Mark J.', 'Viana,Pedro F.')",1
1523,"(""D'Souza,Wendyl"", 'Payne,Daniel E.')",1
1524,"(""D'Souza,Wendyl"", 'Viana,Pedro F.')",1
1525,"('Grayden,David B.', 'Viana,Pedro F.')",1
1526,"('Karoly,Philippa J.', 'Viana,Pedro F.')",1
1527,"('Payne,Daniel E.', 'Stirling,Rachel E.')",1
1528,"('Payne,Daniel E.', 'Viana,Pedro F.')",1
1529,"('Stirling,Rachel E.', 'Viana,Pedro F.')",1
1530,"('Aschenbrenner-Scheibe,R.', 'Maiwald,T.')",1
1531,"('Aschenbrenner-Scheibe,R.', 'Schulze-Bonhage,Andreas')",1
1532,"('Aschenbrenner-Scheibe,R.', 'Timmer,Jens')",1
1533,"('Aschenbrenner-Scheibe,R.', 'Voss,H. U.')",1
1534,"('Aschenbrenner-Scheibe,R.', 'Winterhalder,M.')",1
1535,"('Maiwald,T.', 'Schulze-Bonhage,Andreas')",1
1536,"('Maiwald,T.', 'Timmer,Jens')",1
1537,"('Maiwald,T.', 'Voss,H. U.')",1
1538,"('Maiwald,T.', 'Winterhalder,M.')",1
1539,"('Schulze-Bonhage,Andreas', 'Voss,H. U.')",1
1540,"('Schulze-Bonhage,Andreas', 'Winterhalder,M.')",1
1541,"('Timmer,Jens', 'Voss,H. U.')",1
1542,"('Timmer,Jens', 'Winterhalder,M.')",1
1543,"('Voss,H. U.', 'Winterhalder,M.')",1
1544,"('Cook,Mark J.', 'Kameneva,Tatiana')",1
1545,"('Cook,Mark J.', 'Lambert,Elisabeth')",1
1546,"('Cook,Mark J.', 'Xiong,Wenjuan')",1
1547,"('Kameneva,Tatiana', 'Lambert,Elisabeth')",1
1548,"('Kameneva,Tatiana', 'Nurse,Ewan S.')",1
1549,"('Kameneva,Tatiana', 'Xiong,Wenjuan')",1
1550,"('Lambert,Elisabeth', 'Nurse,Ewan S.')",1
1551,"('Lambert,Elisabeth', 'Xiong,Wenjuan')",1
1552,"('Nurse,Ewan S.', 'Xiong,Wenjuan')",1
1553,"('Berry,Brent M.', 'Brinkmann,Benjamin H.')",1
1554,"('Berry,Brent M.', 'Iyer,Ravishankar K.')",1
1555,"('Berry,Brent M.', 'Varatharajah,Yogatheesan')",1
1556,"('Berry,Brent M.', 'Worrell,Gregory A.')",1
1557,"('Brinkmann,Benjamin H.', 'Iyer,Ravishankar K.')",1
1558,"('Iyer,Ravishankar K.', 'Varatharajah,Yogatheesan')",1
1559,"('Iyer,Ravishankar K.', 'Worrell,Gregory A.')",1
